salary_id,employer_name,location_state,location_country,location_latitude,location_longitude,job_title,job_title_category,job_title_rank,total_experience_years,employer_experience_years,annual_base_pay,signing_bonus,annual_bonus,stock_value_bonus,comments,submitted_at,total_experience_years_d
1,opower,CA,US,37.77,-122.41,systems engineer,Engineering,,13.0,2.0,125000.0,5000.0,0.0,5000 shares,Don't work here.,3/21/2016 12:58,overDecade
3,walmart,AR,US,36.36,-94.2,senior developer,Software,Senior,15.0,8.0,65000.0,,5000.0,"3,000",,3/21/2016 12:58,overDecade
4,vertical knowledge,OH,US,41.47,-81.67,software engineer,Software,,4.0,1.0,86000.0,5000.0,6000.0,0,,3/21/2016 12:59,other
6,netapp,,,,,mts,Other,,4.0,0.0,105000.0,5000.0,8500.0,0,,3/21/2016 13:00,other
12,apple,,,,,software engineer,Software,,4.0,3.0,110000.0,5000.0,7000.0,150000,,3/21/2016 13:02,other
14,casino,OR,US,38.0,-97.0,it technician,Other,,5.0,1.5,40000.0,0.0,500.0,0,,3/21/2016 13:03,other
16,tetra tech,WI,US,43.1,-89.5,lead interviewer,Other,,4.0,2.5,45000.0,0.0,1500.0,,,3/21/2016 13:03,other
17,knewton,NY,US,38.0,-97.0,senior software engineer,Software,Senior,8.0,2.0,135000.0,0.0,0.0,,,3/21/2016 13:03,other
21,amplify,,,,,software engineer,Software,,2.0,1.0,105000.0,0.0,47000.0,0,,3/21/2016 13:04,other
23,sqor,,,,,infrastructure/platform engineer,Engineering,,1.0,1.0,80000.0,0.0,0.0,500,,3/21/2016 13:04,other
24,pensco trust company,CO,US,39.82,-105.1,senior software engineer,Software,Senior,10.0,1.5,120000.0,0.0,6000.0,0,,3/21/2016 13:04,other
25,thoughtworks,,,,,"software developer, consultant",Software,,2.0,2.0,78000.0,0.0,0.0,0,,3/21/2016 13:04,other
30,purdue,IN,US,40.44,-86.91,web developer,Web,,2.0,1.5,60000.0,,,,Discounted education for employees.,3/21/2016 13:05,other
34,small b2b company,,,,,analyst,Data,,4.0,1.0,63000.0,0.0,2000.0,0,,3/21/2016 13:05,other
35,small b2b company,,,,,analyst,Data,,4.0,1.0,63000.0,0.0,2000.0,0,,3/21/2016 13:05,other
36,sqli,,,,,it project manager,Management,,8.0,3.0,38.0,0.0,0.0,0,,3/21/2016 13:05,other
37,slalom,,,,,senior engineer,Engineering,Senior,5.0,1.0,93000.0,0.0,15000.0,0,,3/21/2016 13:05,other
39,magento commerce,SC,US,32.78,-79.99,member of technical staff,Other,,19.0,1.0,131000.0,,,80000,Remote,3/21/2016 13:06,overDecade
40,oracle,PA,US,40.01,-75.22,student intern co-op,Other,Intern,0.0,0.0,24.0,0.0,0.0,$0 ,,3/21/2016 13:06,other
45,klick,,CA,60.0,-95.0,full stack developer,Web,,5.0,3.0,85000.0,0.0,5000.0,0,,3/21/2016 13:06,other
46,small consulting shop,NC,US,35.98,-78.91,developer,Software,,10.0,3.5,150000.0,,,,,3/21/2016 13:06,other
47,amazon,,,,,sde1,Software,1,0.0,0.0,95000.0,20000.0,,30000,this was in 2012,3/21/2016 13:06,other
48,nbc universal,NY,US,38.0,-97.0,senior analyst,Data,Senior,2.0,1.5,55000.0,0.0,0.0,0,Dont go there,3/21/2016 13:07,other
50,30 person startup,,,,,software engineer,Software,,5.0,2.0,125000.0,0.0,0.0,0,options were granted but have no real monetary value,3/21/2016 13:07,other
53,liveops,,,,,sr engineer,Engineering,Senior,6.0,3.0,145000.0,0.0,20000.0,15000,,3/21/2016 13:07,other
55,expedia,,,,,software engineer,Software,,,2.5,78000.0,5000.0,4000.0,,Expedia sucks! Don't come here...,3/21/2016 13:08,other
59,quick left,CO,US,38.0,-97.0,senior developer,Software,Senior,6.0,1.0,120000.0,0.0,0.0,500,,3/21/2016 13:08,other
60,1&1 development srl,,OM,21.0,57.0,software developer,Software,,5.0,2.0,17264.0,0.0,0.0,0,,3/21/2016 13:08,other
62,early-stage startup,,SE,62.0,15.0,ios developer,Software,,8.0,0.8,36.5,0.0,0.0,0,"Yup. That's what I make. And trust me, I'm a pretty decent developer.",3/21/2016 13:09,other
64,rei systems,VA,US,38.86,-77.05,associate software engineer,Software,,1.0,1.0,55000.0,,,,,3/21/2016 13:09,other
69,mitsubishi hitachi power systems america,FL,US,28.5,-81.37,steam turbine service engineer,Engineering,,4.0,1.0,80001.0,10000.0,,,$10k was relocation.,3/21/2016 13:10,other
70,startup,MI,US,42.38,-83.1,senior engineer,Engineering,Senior,8.0,3.0,100000.0,0.0,0.0,80000,,3/21/2016 13:10,other
74,sf startup,CA,US,37.77,-122.41,web developer,Web,,5.0,0.5,125000.0,5000.0,10.0,,,3/21/2016 13:10,other
77,intel,OR,US,45.52,-122.85,product development engineer,Software,,2.5,2.5,82000.0,,,,,3/21/2016 13:11,other
79,city of austin,TX,US,30.26,-97.74,it programmer,Other,,40.0,15.0,103000.0,0.0,1500.0,0,,3/21/2016 13:11,overDecade
88,early-stage startup,CO,US,39.82,-105.1,director of product,Management,,5.0,3.0,80000.0,,,50000,,3/21/2016 13:11,other
89,social tables,WA,US,38.0,-97.0,engineer,Engineering,,2.0,1.0,80000.0,5000.0,,,,3/21/2016 13:11,other
90,loyalty new zealand,,NZ,-41.0,174.0,software engineer,Software,,2.0,2.0,50000.0,,5000.0,,,3/21/2016 13:12,other
91,freelance,CO,US,39.82,-105.1,software engineer,Software,,20.0,11.0,190000.0,0.0,0.0,0,Estimated - bill @ $145-180/hr; don't work year-round.,3/21/2016 13:12,overDecade
95,.gov,NY,US,42.66,-73.79,architect,Other,,18.0,16.0,119000.0,0.0,2000.0,0,,3/21/2016 13:12,overDecade
100,hedge fund,,,,,investment professional,Other,,10.0,3.5,500000.0,50000.0,250000.0,150000,This is low relative to field/experience.,3/21/2016 13:12,other
101,twilio,,,,,software engineer new grad,Software,,1.0,1.0,115000.0,10000.0,,~80k options,,3/21/2016 13:12,other
103,stronghold data,MO,US,38.0,-97.0,teir two tech,Other,,9.0,4.0,38000.0,0.0,1000.0,0,,3/21/2016 13:12,other
104,self-employed,,JE,49.25,-2.17,"consultant, cto as needed",Other,,8.0,1.0,325000.0,0.0,0.0,0,,3/21/2016 13:13,other
105,employer x,,,,,web developer,Web,,8.0,2.0,100000.0,,,,,3/21/2016 13:13,other
106,financial sector,,,,,software analyst,Data,,2.0,1.0,23000.0,0.0,500.0,0,,3/21/2016 13:13,other
109,comcast,PA,US,39.95,-75.16,python engineer,Engineering,,5.0,1.0,138000.0,0.0,0.0,0,"W2 Contractor, 70$/hr. ",3/21/2016 13:13,other
112,linkedin,CA,US,37.38,-121.89,site reliability engineer,Engineering,,4.0,1.0,140000.0,,14000.0,43750,,3/21/2016 13:13,other
114,nara logics,MA,US,42.35,-71.06,software developer,Software,,12.0,4.0,115000.0,,,,"Startup, granted ~0.4% stock options",3/21/2016 13:14,overDecade
115,cloudflare,,,,,solution eningeer,Other,,,,83000.0,,25000.0,,,3/21/2016 13:14,other
117,mckinsey & company,,,,,business analyst,Data,,1.5,1.5,90000.0,10000.0,22000.0,0,,3/21/2016 13:14,other
118,small b2b company,,ES,40.0,-4.0,system administrator,Management,,10.0,10.0,1575.0,0.0,3000.0,0,,3/21/2016 13:14,other
120,microsoft,WA,US,47.68,-122.12,software engineer 1,Software,1,1.0,1.0,105000.0,15000.0,,50000,,3/21/2016 13:14,other
124,nyc singles looking to fuck,NY,US,38.0,-97.0,horny,Other,,3.0,0.5,420000.0,69.0,69.0,69,NOT A SCAM! FUCK HOT SINGLES TONIGHT!,3/21/2016 13:14,other
125,startup,CA,US,37.77,-122.41,software engineer,Software,,2.5,1.0,100000.0,0.0,0.0,,Completed coding bootcamp in 2013,3/21/2016 13:14,other
127,cornell,NY,US,42.44,-76.5,phd student,Other,,4.0,4.0,28500.0,0.0,0.0,0,,3/21/2016 13:14,other
128,microsoft,WA,US,47.68,-122.12,sde,Software,,4.0,2.0,275000.0,0.0,2.0,Part of Annual Bonus,,3/21/2016 13:14,other
129,booking,,,,,perl developer,Software,,10.0,1.0,61.7,,25000.0,35k USD,,3/21/2016 13:15,other
130,amazon,,,,,software development engineer,Software,,0.0,1.0,95000.0,22000.0,20000.0,52000,,3/21/2016 13:15,other
132,too small to say,OK,US,35.46,-97.51,web developer general it,Web,,10.0,7.5,88000.0,0.0,8000.0,2500,,3/21/2016 13:15,other
135,ibm,,,,,linux engineer,Engineering,,1.0,1.0,84000.0,,,,,3/21/2016 13:15,other
136,synopsys,,,,,"software engineer, sr 1",Software,1,3.0,2.0,115000.0,0.0,10000.0,5000,,3/21/2016 13:15,other
138,analytics company,NC,US,35.82,-78.65,software developer,Software,,11.0,2.0,103000.0,,12000.0,,,3/21/2016 13:16,overDecade
142,epic,WI,US,42.98,-89.53,software developer,Software,,4.0,2.0,94000.0,,2000.0,,,3/21/2016 13:16,other
143,evry,,SE,62.0,15.0,consultant,Other,,3.0,2.0,380000.0,,,,,3/21/2016 13:16,other
151,b2b,,,,,senior developer,Software,Senior,10.0,3.0,140000.0,0.0,10000.0,0,,3/21/2016 13:17,other
152,texas tech  system,TX,US,33.57,-101.87,programmer analyst iii,Data,3,7.0,3.0,55000.0,0.0,0.0,0,,3/21/2016 13:17,other
153,unc-ch/ncsu joint biomedical engr. dept,NC,US,35.82,-78.65,phd student,Other,,4.0,1.0,24073.0,0.0,0.0,0,NIH Paygrade covers Health+Tuition,3/21/2016 13:17,other
156,investment bank,NY,US,40.71,-73.99,m&a analyst,Data,,1.0,1.0,85000.0,15000.0,70000.0,0,Soul sucking,3/21/2016 13:17,other
158,microsoft,,,,,software engineer,Software,,3.0,0.0,86742.0,0.0,8532.0,å£3500,,3/21/2016 13:17,other
159,apple,,,,,senior software engineer,Software,Senior,10.0,2.0,151000.0,20000.0,40000.0,10000,,3/21/2016 13:17,other
161,ihs,,PL,52.0,20.0,software engineer,Software,,4.0,2.0,30000.0,,,2500,,3/21/2016 13:17,other
162,conde nast,NY,US,40.71,-73.99,software engineer - level 2,Software,2,8.0,4.0,112000.0,0.0,2.0,0,,3/21/2016 13:17,other
166,pariveda solutions,,,,,consultant ii,Other,2,3.0,2.0,77000.0,5000.0,0.0,,Pay is uniform across all markets with exception of NY and SF. Insane  benefits.,3/21/2016 13:18,other
167,mid-size fundraising startup,CA,US,37.77,-122.41,senior software engineer,Software,Senior,11.0,0.0,165000.0,0.0,0.0,0.15%,,3/21/2016 13:18,overDecade
168,starbucks coffee company,WA,US,38.0,-97.0,senior application developer,Software,Senior,10.0,3.0,127000.0,0.0,15.0,10,,3/21/2016 13:18,other
175,tumblr,,,,,content strategist/blogger advocate,Other,,,2.0,129857.0,,,,,3/21/2016 13:19,other
176,linkedin,,,,,senior web developer,Web,Senior,10.0,4.0,165000.0,,15000.0,50000,,3/21/2016 13:19,other
180,yahoo!,,,,,senior software development engineer,Software,Senior,10.0,6.0,93000.0,15000.0,9000.0,,,3/21/2016 13:20,other
182,factset,,,,,software engineer,Software,,5.0,3.0,120000.0,5000.0,0.0,0,,3/21/2016 13:20,other
184,tango.me,,,,,senior data engineer,Data,Senior,10.0,1.0,130000.0,,,,,3/21/2016 13:20,other
185,jp morgan,,,,,senior java dev,Other,Senior,8.0,5.0,45000.0,0.0,3000.0,0,,3/21/2016 13:21,other
186,microsoft,,,,,sde ii,Software,2,4.0,4.0,125000.0,50000.0,10000.0,5000,,3/21/2016 13:21,other
187,google nyc,,,,,swe iii,Software,3,10.0,1.0,135500.0,50000.0,22300.0,43700,signing bonus in form of paid relocation,3/21/2016 13:21,other
189,rockfish interactive,,,,,developer ii,Software,2,5.0,2.0,65000.0,0.0,1950.0,0,,3/21/2016 13:21,other
191,apple,CA,US,37.3,-122.09,senior system engineer,Engineering,Senior,9.0,1.0,130000.0,20000.0,,40000,,3/21/2016 13:21,other
193,amazon,WA,US,47.61,-122.33,ux designer ii,Other,2,1.0,1.0,12000.0,55000.0,15000.0,20000,,3/21/2016 13:21,other
195,walmartlabs,CA,US,37.38,-122.01,principal/lead software engineer,Software,,14.0,4.0,190000.0,150000.0,50000.0,75000,,3/21/2016 13:21,overDecade
205,iceland,,,,,sales assistant,Other,,0.0,0.0,8000.0,0.0,0.0,0,"Great retail job, å£7.98 an hour, higher than the competition bar from Aldi, Lidl ",3/21/2016 13:22,other
211,intel,OR,US,45.52,-122.85,computer hardware engineer,Engineering,,1.5,1.5,72000.0,0.0,0.0,0,,3/21/2016 13:23,other
212,google,,,,,senior software engineer,Software,Senior,15.0,5.0,178000.0,15000.0,50000.0,100000,Love every day of my job,3/21/2016 13:23,overDecade
214,vertafore,,,,,software engineer in devops i,Software,1,1.0,1.0,50000.0,0.0,,0,"perks include onsite barristas, free drinks several expense paid corporate events a year (party cruise, etc.)",3/21/2016 13:23,other
215,amazon,WA,US,47.61,-122.33,ux designer ii,Other,2,1.0,1.0,120000.0,0.0,0.0,0,,3/21/2016 13:26,other
216,caesartenders,,,,,software engineer,Software,,7.0,2.0,62000.0,0.0,0.0,0,,3/21/2016 13:23,other
217,small ~15 startup,,IL,31.47,35.13,senior software engineer,Software,Senior,8.0,2.0,90000.0,,,,Annual stock exists but don't remember what it is,3/21/2016 13:23,other
219,municipality,,DE,51.0,9.0,software developer,Software,,11.0,7.0,54100.0,,3595.0,,,3/21/2016 13:23,overDecade
222,microsoft,WA,US,47.61,-122.21,software engineer 2,Software,2,4.0,3.5,115000.0,50000.0,15000.0,7500,,3/21/2016 13:23,other
223,startup,,,,,lead engineer,Engineering,,7.0,0.0,78000.0,,,,,3/21/2016 13:23,other
227,small web biz,,,,,engineer,Engineering,,2.0,0.2,140.0,10.0,,,,3/21/2016 13:24,other
230,analyst warehouse,TX,US,38.0,-97.0,software developer,Software,,10.0,1.0,90000.0,0.0,0.0,0,,3/21/2016 13:24,other
231,self,,,,,owner,Other,,12.0,5.0,80000.0,0.0,120000.0,0,,3/21/2016 13:24,overDecade
234,vmware,,,,,sr. mts,Other,Senior,10.0,1.0,155000.0,25000.0,15000.0,,,3/21/2016 13:24,other
235,amazon,,,,,sdeii,Software,,6.0,4.0,130000.0,,,150000,Via Acquisition,3/21/2016 13:24,other
237,fyber gmbh,,,,,senior software developer,Software,Senior,9.0,4.0,65000.0,3000.0,0.0,0,,3/21/2016 13:24,other
239,twilio,,,,,senior software engineer,Software,Senior,2.5,2.5,132000.0,5000.0,0.0,,,3/21/2016 13:24,other
245,facebook,,,,,software engineer,Software,,6.0,4.0,225000.0,50000.0,45000.0,200000,,3/21/2016 13:24,other
249,dupont pioneer,IA,US,41.68,-93.7,software developer,Software,,10.0,3.0,125000.0,10000.0,15000.0,0,,3/21/2016 13:25,other
252,newspaper company,CA,US,38.0,-97.0,cto,Management,,8.0,1.0,100000.0,0.0,0.0,0,,3/21/2016 13:25,other
253,bhhc,NE,US,41.15,-95.92,fp&a analyst,Data,,3.0,3.0,46500.0,0.0,0.0,0,,3/21/2016 13:25,other
254,optum,MN,US,44.96,-93.26,software engineer,Software,,6.0,1.0,85000.0,3000.0,5000.0,1000,,3/21/2016 13:25,other
255,mathworks,,,,,senior software engineer,Software,Senior,10.0,4.0,115000.0,0.0,10000.0,0,,3/21/2016 13:25,other
256,american express,AZ,US,33.45,-112.06,intern,Other,Intern,0.0,0.0,60000.0,5000.0,,,"Summer Intern, June-August",3/21/2016 13:25,other
261,hewlett packard enterprise,,,,,software engineer,Software,,1.0,1.0,100000.0,10000.0,0.0,3000,,3/21/2016 13:26,other
262,salesforce,WA,US,47.61,-122.33,senior software engineer,Software,Senior,,2.0,125000.0,,18000.0,,,3/21/2016 13:26,other
264,autodesk,,,,,software engineer,Software,,5.0,0.0,130000.0,0.0,13000.0,5000,,3/21/2016 13:26,other
265,directv/at&t,CA,US,33.99,-118.39,application engineer,Engineering,,5.0,4.0,79000.0,0.0,10000.0,0,"Easy job, lots of training. But things might change when AT&T starts taking over.",3/21/2016 13:26,other
267,facebook,,,,,software engineer,Software,,3.0,1.0,150000.0,50000.0,15000.0,100000,,3/21/2016 13:26,other
268,accretive technology group,,,,,software developer,Software,,1.0,1.0,75000.0,0.0,2000.0,0,,3/21/2016 13:26,other
273,sunpower,CA,US,37.96,-122.38,financial engineer,Engineering,,0.0,1.0,87000.0,0.0,8000.0,0,Mainly software for finance,3/21/2016 13:26,other
276,mri software llc,OH,US,41.38,-81.44,software engineer,Software,,3.0,1.0,48500.0,,,,,3/21/2016 13:27,other
277,amazon,,,,,sde,Software,,4.0,4.0,91000.0,20000.0,0.0,35000,,3/21/2016 13:27,other
279,pricespy,,SE,62.0,15.0,agent developer,Software,,0.0,1.0,300000.0,0.0,0.0,0,,3/21/2016 13:27,other
280,-,,,,,senior security engineer,Engineering,Senior,12.0,3.0,115000.0,0.0,46000.0,0,,3/21/2016 13:27,overDecade
282,microsoft,,,,,sde ii,Software,2,3.0,3.0,145000.0,50000.0,28000.0,,,3/21/2016 13:27,other
283,synapticon,,,,,robotics/embedded systems engineer,Engineering,,0.0,0.0,43000.0,0.0,0.0,0,5 years old company,3/21/2016 13:27,other
287,dropbox,,,,,software engineer,Software,,5.0,2.5,140.0,30.0,0.0,,,3/21/2016 13:27,other
292,quattro folia,,,,,senior software engineer,Software,Senior,9.0,1.0,6000.0,6000.0,0.0,0,,3/21/2016 13:27,other
294,justice systems,NM,US,35.11,-106.62,software engineer,Software,,2.0,1.0,51000.0,0.0,0.0,0,,3/21/2016 13:27,other
297,google,,,,,software engineer ii,Software,2,2.0,2.0,131000.0,15000.0,20000.0,50000,,3/21/2016 13:28,other
301,apple,,,,,data engineer/software engineer,Data,,6.0,2.5,145000.0,25000.0,20.0,100k $ annually,,3/21/2016 13:28,other
302,pariveda solutions,,,,,consultant 2,Other,2,2.0,2.0,77000.0,5000.0,0.0,0,,3/21/2016 13:28,other
305,a stealth startup,WA,US,38.0,-97.0,lead,Other,,17.0,1.0,175000.0,0.0,10000.0,0,,3/21/2016 13:28,overDecade
306,vmware,,,,,member of technical staff,Other,,4.0,3.0,125000.0,40000.0,16000.0,,,3/21/2016 13:28,other
311,myself,,FR,46.0,2.0,3d graphics engineer,Engineering,,5.0,1.5,15000.0,,,,4,3/21/2016 13:28,other
313,iqmetrix,,CA,60.0,-95.0,software developer,Software,,0.0,1.0,55000.0,0.0,0.0,0,,3/21/2016 13:29,other
317,delaware north,NY,US,42.88,-78.85,data visualization engineer,Data,,3.0,0.0,80000.0,,,,,3/21/2016 13:29,other
318,pindrop,,,,,operations engineer,Engineering,,4.0,1.0,85000.0,,8500.0,,,3/21/2016 13:29,other
319,twitter,,,,,senior software engineer,Software,Senior,8.0,1.0,170000.0,0.0,0.0,35000,,3/21/2016 13:29,other
324,series c saas provider,CA,US,37.77,-122.41,full stack engineer,Web,,16.0,2.0,132000.0,0.0,0.0,0,,3/21/2016 13:29,overDecade
325,garmin,KS,US,38.88,-94.81,software engineer 2,Software,2,2.75,2.75,72200.0,4000.0,0.0,0,No annual stock bonus but you get offered an ESPP with discounted stock rates that guarantees a 15% return on up to 10% invested every 6 months. 75 cents on the dollar 401k matching and a an additional 5% of your base salary added to it for free. Rest of the benefits are great as well. Boring to work for.,3/21/2016 13:29,other
326,of oklahoma,OK,US,35.22,-97.34,it support technician iii,Other,3,16.0,14.0,37500.0,0.0,0.0,0,,3/21/2016 13:29,overDecade
327,aig,CT,US,41.18,-73.42,microsoft developer for release management (grade 22),Software,,20.0,2.0,165000.0,20000.0,0.0,0,,3/21/2016 13:29,overDecade
329,picwell,,,,,data scientist,Data,,2.0,1.0,75000.0,0.0,0.0,0,,3/21/2016 13:30,other
337,nope,,US,38.0,-97.0,software developer,Software,,5.0,4.0,61000.0,1000.0,1000.0,0,,3/21/2016 13:30,other
340,amazon,WA,US,47.61,-122.33,sde i,Software,1,2.0,0.5,105000.0,30000.0,,,,3/21/2016 13:30,other
342,igs energy,OH,US,39.98,-82.98,application developer,Software,,3.0,1.0,65000.0,0.0,5000.0,0,,3/21/2016 13:30,other
347,software company,,,,,ceo,Management,,10.0,2.0,100000.0,,,,,3/21/2016 13:30,other
351,spotx,CO,US,39.82,-105.1,software engineer,Software,,7.0,2.0,84000.0,1500.0,1500.0,0,,3/21/2016 13:31,other
352,solarcity,,,,,software engineer,Software,,3.0,2.0,120000.0,0.0,0.0,30000,,3/21/2016 13:31,other
355,perk,TX,US,30.26,-97.74,developer,Software,,2.0,0.0,54000.0,2500.0,0.0,0,,3/21/2016 13:31,other
358,building robotics,CA,US,37.72,-122.2,senior backend engineer,Engineering,Senior,9.0,2.0,145000.0,,,,,3/21/2016 13:31,other
363,pomeroy,,,,,solutions architect,Other,,23.0,2.0,130000.0,,10000.0,0,,3/21/2016 13:31,overDecade
364,ibm,CA,US,32.71,-117.16,software developer,Software,,9.0,8.0,151000.0,15000.0,5000.0,5000,,3/21/2016 13:31,other
365,quicken loans,MI,US,42.38,-83.1,sr. software engineer,Software,Senior,5.0,3.0,82000.0,0.0,13000.0,0,,3/21/2016 13:32,other
366,bank,,SE,62.0,15.0,junior developer,Software,Junior,1.0,1.0,48000.0,0.0,3000.0,3000 USD,,3/21/2016 13:32,other
367,ericsson,,,,,support engineer,Engineering,,3.0,3.0,62568.0,0.0,0.0,0,,3/21/2016 13:32,other
368,goldman sachs,,,,,analyst (technology),Data,,0.0,0.0,60000.0,13000.0,5000.0,0,Amounts converted from GBP to USD,3/21/2016 13:32,other
371,of washington,WA,US,47.61,-122.33,data scientist,Data,,10.0,4.0,101000.0,0.0,0.0,0,,3/21/2016 13:32,other
373,verizon,,,,,internal help desk,Other,Intern,4.0,4.0,38000.0,0.0,3000.0,,,3/21/2016 13:32,other
374,state of oregon,OR,US,38.0,-97.0,senior software developer,Software,Senior,10.0,5.0,80000.0,0.0,0.0,0,,3/21/2016 13:32,other
378,evertec,,PR,18.25,-66.5,software developer,Software,,2.5,1.5,40000.0,,2.0,,,3/21/2016 13:33,other
379,nist,MD,US,39.14,-77.21,postdoc,Other,,7.0,1.0,67000.0,0.0,0.0,0,,3/21/2016 13:33,other
386,emc,,,,,senior sde,Software,Senior,5.0,5.0,132000.0,10000.0,15000.0,47600,,3/21/2016 13:33,other
387,bank,,PL,52.0,20.0,data mining analyst,Data,,6.0,5.0,30000.0,0.0,0.0,0,,3/21/2016 13:33,other
388,digital agency,,,,,analyst,Data,,3.0,2.0,80000.0,0.0,1000.0,0,,3/21/2016 13:33,other
389,nasdaq,,,,,engineer,Engineering,,8.0,6.0,105000.0,,21000.0,21000,Stock doesnt seem to vest on a consistent schedule. Right now seems to be a 25/25/50% vest over 3 years.,3/21/2016 13:33,other
390,microsoft,,,,,sde 2,Software,2,5.0,3.0,125000.0,5000.0,14000.0,3000,,3/21/2016 13:33,other
391,bi esfera,,PY,-23.0,-58.0,senior developer,Software,Senior,10.0,4.0,38400.0,0.0,3200.0,0,,3/21/2016 13:33,other
393,guidewire,,IE,53.0,-8.0,consultant,Other,,4.0,3.0,42000.0,0.0,6300.0,"âÂ20,000",,3/21/2016 13:34,other
394,spotify,,,,,engineer,Engineering,,10.0,2.0,187500.0,10.0,,20000,,3/21/2016 13:34,other
395,new york mets,NE,US,38.0,-97.0,pitcher,Other,,20.0,3.0,1000000.0,4500000.0,500000.0,0,Bartolo Colon,3/21/2016 13:34,overDecade
399,ticket broker,CA,US,38.0,-97.0,chief of technology,Other,,15.0,3.0,125000.0,0.0,6000.0,8000,,3/21/2016 13:34,overDecade
401,ibm canada,,CA,60.0,-95.0,peoplesoft administrator,Management,,15.0,10.0,112000.0,0.0,0.0,0,,3/21/2016 13:34,overDecade
402,microsoft,,,,,software engineer,Software,,1.0,1.0,105000.0,10000.0,,,,3/21/2016 13:34,other
403,freelance/consulting,,CA,60.0,-95.0,software engineer,Software,,9.0,7.0,270000.0,,,,,3/21/2016 13:34,other
405,cisco,,CA,60.0,-95.0,software engineer,Software,,15.0,3.0,110000.0,0.0,14000.0,20000,,3/21/2016 13:35,overDecade
406,boutique development consulting,CO,US,39.82,-105.1,consultant,Other,,4.0,1.0,88000.0,,4500.0,,,3/21/2016 13:35,other
407,self-employed,,CA,60.0,-95.0,consultant,Other,,10.0,,180000.0,,,,,3/21/2016 13:35,other
410,test,,,,,test,Other,,2.0,2.0,80000.0,0.0,0.0,0,,3/21/2016 13:35,other
411,missouri  of science and technology,MO,US,37.94,-91.76,secondary cluster administrator,Management,,3.0,1.0,43000.0,0.0,0.0,0,,3/21/2016 13:35,other
415,non-profit,,,,,techops manager,Management,,5.0,3.0,28800.0,0.0,500.0,0,,3/21/2016 13:35,other
416,canonical,,,,,software engineer,Software,,10.0,1.0,120000.0,0.0,0.0,0,,3/21/2016 13:35,other
417,solidfire,CO,US,40.02,-105.25,senior software engineer,Software,Senior,4.0,2.0,113000.0,0.0,9000.0,15000,Recently acquired by NetApp,3/21/2016 13:35,other
420,zillow group,,,,,senior software engineer,Software,Senior,5.0,2.0,145000.0,10000.0,0.0,10000,,3/21/2016 13:36,other
423,stealth startup,,,,,programmer,Other,,15.0,1.0,175000.0,0.0,0.0,0,,3/21/2016 13:36,overDecade
428,microsoft,,,,,sde ii,Software,2,11.0,4.0,102000.0,6000.0,13000.0,22000,,3/21/2016 13:36,overDecade
429,google,,,,,software engineer,Software,,4.0,1.0,130000.0,20000.0,20000.0,"40,000","negotiated from 0 signing bonus to 20k, and from 160 GSUs to 200",3/21/2016 13:36,other
432,microsoft,,,,,product manager,Management,,0.0,1.0,105000.0,20000.0,0.0,20000,,3/21/2016 13:36,other
433,facebook,,,,,data scientist,Data,,4.0,4.0,206000.0,50000.0,50000.0,100000,,3/21/2016 13:36,other
434,ibm,,,,,managing consultant,Other,,10.0,10.0,123000.0,2000.0,1000.0,0,,3/21/2016 13:36,other
435,amazon,WA,US,47.61,-122.33,sr. product manager,Management,Senior,7.0,2.7,128000.0,50000.0,,70000,,3/21/2016 13:36,other
440,sfdc,,,,,principle member of technical staff,Other,,13.0,3.0,156000.0,60000.0,40000.0,25000,,3/21/2016 13:37,overDecade
441,microsoft,WA,US,47.61,-122.33,software development engineer,Software,,10.0,10.0,190000.0,0.0,65000.0,68000,,3/21/2016 13:37,other
443,simplotel,,IN,20.0,77.0,senior software engineer,Software,Senior,3.5,1.0,18000.0,0.0,,2250,,3/21/2016 13:37,other
445,interactive development agency,,,,,software developer,Software,,2.0,2.0,60000.0,0.0,0.0,0,,3/21/2016 13:37,other
446,popsugar,CA,US,37.77,-122.41,senior software engineer,Software,Senior,12.0,1.0,135000.0,0.0,0.0,0,,3/21/2016 13:37,overDecade
447,facebook,,,,,software engineer,Software,,3.0,1.0,152000.0,22000.0,15000.0,80000,,3/21/2016 13:37,other
449,amazon,,,,,software development engineer ii,Software,2,6.0,6.0,675000.0,,,"ZAR 675,000",Total value of RSUs dependent on USD / ZAR exchange rate and value of NASDAQ:AMZN. Grows roughly 20% YoY,3/21/2016 13:37,other
451,med size us based it co.,,,,,software engineer,Software,,6.0,2.0,45000.0,,5.0,,,3/21/2016 13:38,other
453,google,,,,,web solutions engineer,Web,,8.0,4.0,88000.0,0.0,15000.0,35000,WSE is not a SWE,3/21/2016 13:38,other
454,intergen,,,,,senior developer,Software,Senior,6.0,2.0,90000.0,,,,,3/21/2016 13:38,other
457,epam systems,,,,,lead software engineer,Software,,5.0,2.0,130000.0,0.0,20000.0,,,3/21/2016 13:38,other
459,self,,,,,consultant,Other,,15.0,1.0,275000.0,0.0,0.0,0,,3/21/2016 13:38,overDecade
464,google,,,,,analyst,Data,,7.0,4.0,101000.0,7500.0,15000.0,50000,,3/21/2016 13:38,other
465,tapjoy,,,,,senior engineer,Engineering,Senior,6.0,3.0,110406.48,0.0,11040.0,0,,3/21/2016 13:38,other
466,private,FL,US,27.19,-80.24,web developer,Web,,10.0,2.0,75000.0,0.0,0.0,0,,3/21/2016 13:38,other
469,cisco,,,,,architect,Other,,15.0,6.0,162000.0,,48000.0,10000,,3/21/2016 13:39,overDecade
470,facebook,,,,,software engineering intern,Software,Intern,1.0,0.0,96000.0,0.0,0.0,0,,3/21/2016 13:39,other
473,bk engineering,,,,,software engineer,Software,,4.0,4.0,90000.0,5000.0,8000.0,0,,3/21/2016 13:39,other
475,i.b.m.,NC,US,38.0,-97.0,senior software engineer,Software,Senior,18.0,12.0,29000.0,0.0,0.0,0,Thank you for this service!,3/21/2016 13:39,overDecade
477,anon,,,,,software developer,Software,,2.0,1.0,60000.0,0.0,0.0,0,,3/21/2016 13:39,other
478,series a ($8mm) funded startup,,,,,tech lead,Software,,3.5,0.25,33000.0,0.0,7500.0,0,Bangalore guys n gals please contribute. :-),3/21/2016 13:39,other
479,liveperson,,GE,42.0,43.5,devops engineer,Engineering,,1.0,1.0,46999.0,0.0,0.0,0,,3/21/2016 13:39,other
480,facebook,WA,US,47.61,-122.33,software engineer,Software,,7.0,3.0,167000.0,25000.0,25000.0,"Signing grant: 9,600 RSUs (250k) vesting over 4 years (25% at year 1, 1/36 every quarter after), currently worth $1m due to stock price, $50k-100k in refreshers on same vesting schedule each year thereafter","Strict 40 hr / wk. 8 months parental leave taken. Always ""meets"" or ""exceeds"" performance rating.",3/21/2016 13:39,other
481,tableau software,,,,,solution architect,Other,,16.0,2.0,103000.0,,15000.0,28000,,3/21/2016 13:40,overDecade
484,microsoft,,,,,software engineer,Software,,,0.0,106000.0,15000.0,20000.0,30000,,3/21/2016 13:40,other
487,typical norwegian consulting firm,,NO,62.0,10.0,android developer,Software,,2.0,0.5,450000.0,0.0,0.0,0,,3/21/2016 13:40,other
488,netflix,,,,,senior software engineer,Software,Senior,10.0,1.0,350000.0,0.0,0.0,some,"Proof: see the ""Wage Offer From"" column on http://visadoor.com/h1bvisa-by-companies-2015-netflix-inc , which is the actual offered salary. And these are just the H-1Bs.",3/21/2016 13:40,other
489,ignition one,NY,US,38.0,-97.0,software engineer,Software,,8.0,1.0,155000.0,0.0,36000.0,,Don't work here.,3/21/2016 13:40,other
490,< 5 person startup,,,,,software engineer,Software,,6.0,1.0,125000.0,0.0,0.0,25000,,3/21/2016 13:40,other
492,lockheed martin,NY,US,42.1,-76.26,associate electrical engineer,Engineering,,1.0,1.0,60528.0,0.0,0.0,3%,,3/21/2016 13:40,other
494,anaheim ducks,CA,US,33.83,-117.88,"professional ice hockey player, center",Other,,16.0,10.0,9250000.0,5000000.0,,,Ryan Getzlaf,3/21/2016 13:40,overDecade
495,optum,MA,US,42.35,-71.06,junior systems engineer,Engineering,Junior,1.0,3.0,80000.0,0.0,5.0,0,,3/21/2016 13:40,other
496,a company in sf,,,,,software engineer,Software,,20.0,2.0,125000.0,0.0,1250.0,0,,3/21/2016 13:40,overDecade
499,intel,CA,US,37.34,-121.95,senior software engineer,Software,Senior,12.0,4.0,145000.0,0.0,30000.0,,,3/21/2016 13:40,overDecade
500,lendup,,,,,growth team (title would give me away),Other,,10.0,1.0,120000.0,0.0,0.0,10000,,3/21/2016 13:40,other
501,viacom,NY,US,38.0,-97.0,ios developer,Software,,1.0,0.0,92000.0,0.0,0.0,0,,3/21/2016 13:40,other
502,education,FL,US,38.0,-97.0,it director,Management,,20.0,10.0,75000.0,,,,,3/21/2016 13:40,overDecade
503,netflix,,,,,user interface engineer,Engineering,,15.0,4.0,260000.0,0.0,0.0,0,,3/21/2016 13:41,overDecade
506,oracle,,,,,developer,Software,,2.0,1.5,46000.0,0.0,4000.0,0,,3/21/2016 13:41,other
510,series e funded > $100m,,,,,cto,Management,,10.0,2.0,310000.0,0.0,85000.0,45000,,3/21/2016 13:41,other
511,microsoft,,,,,software engineer,Software,,6.0,2.0,73200.0,,,,,3/21/2016 13:41,other
517,paychex,NY,US,43.16,-77.61,junior java developer,Software,Junior,2.0,0.0,60000.0,0.0,,,,3/21/2016 13:41,other
518,midstage startup,CA,US,37.77,-122.41,software developer,Software,,1.0,1.0,120000.0,0.0,12000.0,1000,,3/21/2016 13:41,other
519,microsoft,WA,US,47.68,-122.12,software developer,Software,,2.0,2.0,120000.0,8000.0,8000.0,8000,,3/21/2016 13:41,other
521,nokia,,CA,60.0,-95.0,software development engineer,Software,,3.0,3.0,57450.0,,7.0,,,3/21/2016 13:41,other
522,uber,,,,,software engineer,Software,,1.5,1.5,137000.0,0.0,,192000,,3/21/2016 13:42,other
523,city of college station,TX,US,30.6,-96.31,systems analyst,Data,,2.0,1.0,51000.0,0.0,0.0,0,,3/21/2016 13:42,other
525,a series b startup,,,,,ios software engineer,Software,,5.0,0.6,115000.0,,,30000,,3/21/2016 13:42,other
527,dukker,,,,,professional hoe,Other,,55.0,40.0,120.0,120.0,12.0,12,OP is a faggot,3/21/2016 13:42,overDecade
530,xoom,,,,,software engineer,Software,,4.0,4.0,125000.0,0.0,0.0,10000,,3/21/2016 13:42,other
531,harvard,MA,US,42.35,-71.06,graduate student / research assistant,Other,,6.0,6.0,32000.0,0.0,0.0,0,"Work over 80 h a week, 7 days a week. Life of a graduate student!",3/21/2016 13:42,other
532,nasa,WA,US,38.0,-97.0,software engineer,Software,,1.0,1.0,78000.0,,,,,3/21/2016 13:42,other
534,google,,,,,software engineer,Software,,5.0,2.0,140000.0,30000.0,50000.0,50000,,3/21/2016 13:42,other
537,amex,NY,US,38.0,-97.0,software engineer,Software,,,,98000.0,9000.0,,,,3/21/2016 13:42,other
538,linklaters,NY,US,38.0,-97.0,it support engineer,Engineering,,6.0,0.0,50000.0,0.0,0.0,0,"Position is a physical Help Desk. Lot's of working perks. Stocked Pantries with teas, coffees, espressos for free. Every Friday there is a 'Drink Carts' misc snack food and drinks (alcoholic and non). Every Month there is a Popcorn day. Plus more working perks. ",3/21/2016 13:43,other
539,small startup,,,,,senior security researcher,Other,Senior,13.0,2.0,155000.0,0.0,0.0,0,,3/21/2016 13:43,overDecade
542,exl landa,CA,US,38.0,-97.0,software qa tech,Software,,5.0,5.0,45000.0,,2000.0,,,3/21/2016 13:43,other
543,navy,,,,,grad student,Other,,1.0,1.0,70000.0,15000.0,0.0,0,,3/21/2016 13:43,other
544,netsuite,OK,US,35.46,-97.51,sr. software engineer ii,Software,2,15.0,1.0,120000.0,0.0,0.0,10000,,3/21/2016 13:43,overDecade
545,poop works,,,,,cto,Management,,10.0,2.0,190000.0,25000.0,25000.0,25000,,3/21/2016 13:43,other
546,netlight consulting,,SE,62.0,15.0,consultant,Other,,2.0,1.0,52200.0,0.0,0.0,0,,3/21/2016 13:43,other
547,large german energy company,,,,,platform engineer,Engineering,,4.0,2.0,42000.0,0.0,3000.0,0,,3/21/2016 13:43,other
551,mozilla,,,,,software engineer,Software,,5.0,2.0,64960.0,0.0,21000.0,0,,3/21/2016 13:44,other
552,airbnb,,,,,software engineer,Software,,3.0,1.5,118000.0,0.0,0.0,40000,New Grad,3/21/2016 13:44,other
555,apple,,,,,sr. developer,Software,Senior,15.0,3.0,101000.0,,7000.0,25000,,3/21/2016 13:44,overDecade
556,quintiq,PA,US,39.96,-75.35,algorithm expert,Other,,5.0,1.0,80000.0,0.0,4000.0,500,They totally underpay here.,3/21/2016 13:44,other
558,salesforce,,,,,lead member of technical staff,Other,,5.0,0.0,190000.0,15000.0,30000.0,37000,,3/21/2016 13:44,other
559,startup,,,,,cto,Management,,21.0,2.0,150000.0,,,,,3/21/2016 13:44,overDecade
561,vml,KS,US,39.1,-94.62,interactive web developer,Web,,4.0,1.0,55000.0,0.0,0.0,0,,3/21/2016 13:44,other
562,c2s tech,WA,US,47.68,-122.12,front end developer,Web,,5.0,0.5,60000.0,0.0,0.0,0,,3/21/2016 13:44,other
564,earwigs,,MC,43.73,7.4,lead earwig specialist,Other,,10.0,10.0,1000000.0,1000000.0,1000000.0,"1,000,000 USD",wat,3/21/2016 13:44,other
566,12 employee startup,,CA,60.0,-95.0,front end web developer,Web,,3.0,1.0,70000.0,0.0,0.0,TBD,,3/21/2016 13:44,other
568,ibm watson research,,,,,research intern,Other,Intern,0.0,1.0,100000.0,0.0,0.0,0,,3/21/2016 13:44,other
570,amazon,WA,US,47.61,-122.33,software development engineer ii,Software,2,4.0,2.0,121000.0,38000.0,0.0,10500,,3/21/2016 13:44,other
571,of rochester brain and cognitive sciences,NY,US,38.0,-97.0,graduate student,Other,,3.0,3.0,26000.0,0.0,0.0,0,Stipend does not depend on TA duties,3/21/2016 13:45,other
575,1000+ consulting company / service contractor,,DE,51.0,9.0,software engineer,Software,,2.0,2.0,45000.0,0.0,5000.0,"1,000âÂ","Java development, uniform payment first 3 years",3/21/2016 13:45,other
576,1,,,,,asd,Other,,11.0,6.0,100000.0,10000.0,1000.0,5,,3/21/2016 13:45,overDecade
578,startup,,,,,software engineer,Software,,2.0,1.0,85000.0,,,5000,,3/21/2016 13:45,other
580,yahoo,,,,,software engineer,Software,,5.0,3.0,157500.0,0.0,5000.0,80000,,3/21/2016 13:45,other
582,mobiquity,FL,US,29.67,-82.33,ios developer,Software,,2.0,1.25,55000.0,0.0,0.0,0,,3/21/2016 13:45,other
583,telus,,,,,business systems analyst,Data,,4.0,3.0,60200.0,0.0,10.0,40% match on 6 percent you buy,,3/21/2016 13:45,other
584,adobe,,,,,web developer,Web,,4.0,1.0,155000.0,5000.0,,12000,,3/21/2016 13:45,other
591,intel,,,,,device yield engineer,Engineering,,0.0,0.0,117000.0,8000.0,13000.0,1000,,3/21/2016 13:45,other
592,d-wave,BC,CA,60.0,-95.0,algorithmic software developer,Software,,3.0,1.0,90000.0,0.0,0.0,0,,3/21/2016 13:46,other
593,meltwater,,SE,62.0,15.0,developer,Software,,6.0,0.0,56000.0,0.0,4000.0,0,,3/21/2016 13:46,other
596,wyle,MD,US,38.26,-76.44,software engineer,Software,,7.0,3.0,79000.0,0.0,0.0,0,,3/21/2016 13:46,other
598,50-person startup post series a,WA,US,38.0,-97.0,software engineer,Software,,,1.0,115000.0,10000.0,,5000 shares,,3/21/2016 13:46,other
599,lockheed martin,TX,US,30.26,-97.74,senior business analyst,Data,Senior,7.0,3.0,99500.0,0.0,4000.0,0,,3/21/2016 13:46,other
600,an unnamed advertising agency,,CA,60.0,-95.0,devops lead,Other,,3.0,1.0,53000.0,0.0,1500.0,0,,3/21/2016 13:46,other
601,logic technology,NY,US,42.85,-73.9,technical director,Management,,13.0,12.0,93500.0,0.0,15000.0,0,,3/21/2016 13:46,overDecade
603,pornhub,,,,,chief lubricator,Other,,2.0,1.0,385000.0,0.0,2.0,None,,3/21/2016 13:46,other
607,self,WA,US,38.0,-97.0,independent software engineer,Software,,14.0,6.0,230000.0,0.0,0.0,,,3/21/2016 13:46,overDecade
609,jp morgan,,,,,associate developer,Software,,5.0,1.0,74000.0,0.0,15000.0,0,,3/21/2016 13:46,other
610,government/higher education,AZ,US,38.0,-97.0,developer / system analyst,Data,,6.0,3.0,46000.0,0.0,0.0,0,Job duties are likely the same as a full stack web developer in private industry.,3/21/2016 13:46,other
611,farmers,,,,,analyst programmer iii,Data,3,20.0,7.0,103000.0,,25000.0,,,3/21/2016 13:46,overDecade
615,openx,,,,,software engineer,Software,,3.0,1.5,120000.0,20000.0,16000.0,,,3/21/2016 13:47,other
619,google,,,,,software engineer,Software,,20.0,10.0,152000.0,0.0,27000.0,50000,,3/21/2016 13:47,overDecade
624,random startup,,,,,devops,Operations,,5.0,0.5,65000.0,0.0,0.0,30000,,3/21/2016 13:47,other
625,code for america,,,,,designer,Other,,8.0,1.0,96000.0,0.0,0.0,0,,3/21/2016 13:47,other
626,aecom,KY,US,37.74,-84.29,automation engineer,Engineering,,17.0,4.0,112000.0,0.0,0.0,0,,3/21/2016 13:47,overDecade
629,business insider,NY,US,40.71,-73.99,director of infrastructure,Management,,,1.0,125000.0,0.0,10000.0,0,,3/21/2016 13:47,other
630,seattlestartupco,,,,,senior software engineer,Software,Senior,5.0,1.5,115000.0,0.0,10000.0,10000,,3/21/2016 13:47,other
631,gnaa,CA,US,38.0,-97.0,nigger in cheif,Other,,12.0,12.0,690000.0,,,,,3/21/2016 13:47,overDecade
632,tibco software,,,,,architect / principal engineer,Engineering,,10.0,8.0,140000.0,0.0,10000.0,0,,3/21/2016 13:47,other
633,financial software company,WA,US,38.0,-97.0,software engineer,Software,,4.0,2.0,140000.0,0.0,0.0,0,,3/21/2016 13:47,other
636,secretsecretsecret,,CA,60.0,-95.0,team lead,Management,,6.0,3.0,72600.0,0.0,0.0,90000,,3/21/2016 13:48,other
638,consulting company,IL,US,41.85,-87.65,devops engineer,Engineering,,6.0,3.0,95000.0,0.0,0.0,0,Consulting for a Fortune 500 company,3/21/2016 13:53,other
639,you should consider some basic validation dumbass,,,,,muffin stuffer,Other,,,,9000000.0,,,,,3/21/2016 13:48,other
643,microsoft,,,,,software engineer,Software,,0.0,0.0,106000.0,60000.0,10000.0,20000,New Grad,3/21/2016 13:48,other
644,freelance,,,,,software engineer,Software,,10.0,2.0,90000.0,0.0,0.0,,,3/21/2016 13:48,other
645,facebook,,,,,software engineer,Software,,15.0,8.0,420420.0,6969.0,4200.0,690069,,3/21/2016 13:48,overDecade
646,yext,NY,US,38.0,-97.0,engineer,Engineering,,,2.0,100000.0,,,,,3/21/2016 13:48,other
647,18f,NY,US,38.0,-97.0,innovation specialist,Other,,7.0,0.0,145000.0,0.0,0.0,0,,3/21/2016 13:48,other
648,shell oil,TX,US,29.76,-95.38,application developer,Software,,10.0,2.0,216000.0,,,,Contractor at $120/hour for approximately 1800 hours/year.,3/21/2016 13:48,other
649,logic technology,NY,US,42.85,-73.9,technical director,Management,,13.0,12.0,73000.0,0.0,5000.0,0,,3/21/2016 13:48,overDecade
653,self emplyed,,PL,52.0,20.0,developer,Software,,6.0,3.0,28.0,0.0,0.0,0,,3/21/2016 13:49,other
656,microsoft,,,,,software engineer,Software,,0.0,0.5,105000.0,10000.0,10000.0,15000,,3/21/2016 13:49,other
657,capital one,,,,,senior software engineer,Software,Senior,7.0,1.0,95000.0,0.0,6000.0,8000,,3/21/2016 13:49,other
658,livingsocial,OR,US,45.44,-122.52,sr. software engineer,Software,Senior,7.0,2.0,108000.0,,2000.0,,,3/21/2016 13:49,other
659,arbor networks,MI,US,42.27,-83.73,software engineer,Software,,,,105000.0,,,,,3/21/2016 13:49,other
660,verificient technologies,,,,,web developer,Web,,8.0,2.0,65000.0,0.0,0.0,0,,3/21/2016 13:49,other
665,m.h. frank ltd.,SC,US,34.68,-82.81,sales associate,Other,,3.0,3.0,12000.0,0.0,100.0,0,I am a college student.,3/21/2016 13:49,other
667,an agency,,,,,head of front end,Web,,16.0,15.0,59724.0,500.0,1422.0,0,,3/21/2016 13:49,overDecade
668,luminoso,MA,US,42.35,-71.06,software engineer,Software,,2.0,1.0,75000.0,0.0,0.0,0,,3/21/2016 13:49,other
671,medium-size sf biotech,,,,,software developer,Software,,8.0,2.0,130000.0,20000.0,,,,3/21/2016 13:49,other
672,startup,CA,US,38.0,-97.0,software engineer,Software,,3.0,1.0,100000.0,2500.0,1500.0,,2% equity over 4 years,3/21/2016 13:49,other
676,google,NY,US,38.0,-97.0,software engineer,Software,,1.0,1.0,115000.0,15000.0,15000.0,45000,,3/21/2016 13:50,other
677,google,,,,,cto google rail product,Management,,12.0,5.0,356000.0,190000.0,70000.0,0,,3/21/2016 13:50,overDecade
678,tomtom,,,,,expert software engineer,Software,,10.0,6.0,60000.0,,9000.0,3000,,3/21/2016 13:50,other
679,telecom company,,,,,lead engineer,Engineering,,15.0,3.0,152000.0,,18000.0,,,3/21/2016 13:50,overDecade
683,deloitte,,ZA,-29.0,24.0,assistant manager,Management,,5.0,0.5,45000.0,0.0,800.0,0,,3/21/2016 13:50,other
684,united states government,AR,US,36.04,-94.24,it technician,Other,,2.0,1.0,49300.0,,150.0,,,3/21/2016 13:50,other
685,tableau software,,,,,senior software engineer,Software,Senior,5.0,5.0,135000.0,300000.0,13500.0,120000,,3/21/2016 13:50,other
686,refme,,,,,head of mobile,Other,,2.0,2.0,45000.0,0.0,0.0,30000,,3/21/2016 13:50,other
687,amazon,,DE,51.0,9.0,sde2,Software,2,7.0,3.0,70000.0,10000.0,,"âÂ25,000",,3/21/2016 13:50,other
694,enterprise software company,CA,US,37.65,-121.85,front end developer,Web,,15.0,1.0,105000.0,0.0,0.0,15000,,3/21/2016 13:50,overDecade
695,ebay,CA,US,37.38,-121.89,mts ii software engineer,Software,,20.0,8.0,181000.0,,20000.0,45000,,3/21/2016 13:51,overDecade
697,teksystems,NE,US,40.81,-96.68,senior applications developer,Software,Senior,10.0,3.0,80000.0,0.0,0.0,0,"Contractor.  No sick time, no holiday time, no overtime, no insurance,  etc.",3/21/2016 13:51,other
700,neustar,VA,US,38.86,-77.05,software engineer ii,Software,2,4.0,3.0,89000.0,,10.0,,,3/21/2016 13:51,other
701,startup,,,,,cto,Management,,14.0,2.0,135000.0,,,,,3/21/2016 13:51,overDecade
705,twitter,,,,,senior software engineer,Software,Senior,9.75,3.75,164000.0,0.0,0.0,200000,,3/21/2016 13:51,other
707,s,,,,,aws solutions architect,Other,,10.0,2.0,54000.0,0.0,0.0,0,,3/21/2016 13:51,other
711,here,,,,,software engineer i,Software,1,1.5,0.0,80800.0,0.0,7000.0,0,,3/21/2016 13:52,other
712,alliant energy,WI,US,43.1,-89.5,senior it analyst,Data,Senior,8.0,1.0,103000.0,0.0,15450.0,0,This place is good for your wallet but bad for your career,3/21/2016 13:51,other
714,gg,,,,,pres,Other,,35.0,20.0,75000.0,2000.0,3000.0,0,,3/21/2016 13:52,overDecade
715,expedia,WA,US,47.61,-122.21,software development engineer i,Software,1,1.0,0.0,105500.0,20000.0,10.0,"10,000",,3/21/2016 13:52,other
719,best buy,MN,US,44.96,-93.26,web engineer ii,Web,2,7.0,2.0,125000.0,5000.0,15000.0,0,,3/21/2016 13:52,other
721,propeller studios,,,,,principal developer,Software,,4.0,1.0,27557.6,0.0,0.0,0,"Converted 36k/y CAD to USD on March 21st, 2016.",3/21/2016 13:52,other
722,airbnb,,,,,software engineer,Software,,0.0,1.0,110000.0,50000.0,,,,3/21/2016 13:52,other
724,amazon,,,,,sde,Software,,4.0,2.0,105000.0,45000.0,,15000,,3/21/2016 13:52,other
728,iac applications,NY,US,40.94,-73.86,senior engineer,Engineering,Senior,16.0,10.0,124000.0,3000.0,10000.0,0,,3/21/2016 13:53,overDecade
729,scientific programmer,,,,,scientific associate,Applied Science,,10.0,4.0,80000.0,0.0,0.0,0,,3/21/2016 13:53,other
730,microsoft,WA,US,47.68,-122.12,software development engineer 2,Software,2,7.0,3.0,124000.0,55000.0,2600.0,"4,000",,3/21/2016 13:53,other
734,bloomberg,NY,US,38.0,-97.0,software engineer,Software,,0.0,0.0,117000.0,0.0,17000.0,0,Starting later this year...,3/21/2016 13:53,other
735,squaretrade,,,,,senior software engineer,Software,Senior,10.0,1.0,135000.0,5000.0,0.0,0,,3/21/2016 13:53,other
736,avl germany,,,,,software engineer,Software,,2.0,2.0,60.0,0.0,0.0,0,,3/21/2016 13:53,other
737,microsoft,,,,,software engineer,Software,,1.0,2.0,120000.0,200000.0,,,"I don't know off the top of my head if what the bonus is.  Also the signing bonus was $50,000 cash, $150,000 in MSFT vested over 4 years with a 1 year cliff.",3/21/2016 13:53,other
740,tealium,,,,,software deveoper,Software,,2.0,1.0,55000.0,,2000.0,,,3/21/2016 13:54,other
743,mathworks,,,,,software enginee,Software,,2.0,1.0,70000.0,0.0,4000.0,0,,3/21/2016 13:54,other
744,iversity,,,,,javascript developer,Software,,3.0,2.0,35000.0,0.0,0.0,0,,3/21/2016 13:54,other
748,bulletproof,,AU,-27.0,133.0,engineer,Engineering,,15.0,3.5,160000.0,0.0,0.0,1000,AUD,3/21/2016 13:54,overDecade
749,stripe,,,,,support,Other,,2.0,0.0,55000.0,0.0,0.0,unknown,,3/21/2016 13:54,other
753,nbcuniversal,ID,US,43.62,-116.32,senior software engineer,Software,Senior,10.0,1.5,113375.0,0.0,0.0,5000-ish,,3/21/2016 13:54,other
758,google,,,,,swe,Software,,5.0,0.0,135000.0,30000.0,20000.0,60000,,3/21/2016 13:54,other
760,move2,,,,,developer,Software,,7.0,2.0,120000.0,0.0,0.0,0,,3/21/2016 13:54,other
761,google,,,,,software engineer,Software,,5.0,1.4,125000.0,10000.0,25000.0,50000,,3/21/2016 13:54,other
762,yelp,,,,,software engineer,Software,,3.0,1.5,130.0,0.0,0.0,50,,3/21/2016 13:55,other
766,amazon,,,,,sde1,Software,1,2.0,1.0,80000.0,25000.0,5000.0,"20,000",,3/21/2016 13:55,other
767,sparefoot,TX,US,30.26,-97.74,php developer,Software,,,,150000.0,20000.0,10000.0,"40,000",,3/21/2016 13:55,other
778,brazilian startup,,BR,-10.0,-55.0,senior developer,Software,Senior,10.0,3.0,90000.0,0.0,0.0,0,"For brazilian standards, this is pretty decent salary.",3/21/2016 13:55,other
780,wpp,NY,US,38.0,-97.0,executive director of user experience,Management,,18.0,2.0,195000.0,15000.0,10.0,,,3/21/2016 13:56,overDecade
781,square,CA,US,37.77,-122.41,software engineer,Software,,4.0,3.0,110000.0,0.0,0.0,250000,Annual stock value will be much lower after 4 years,3/21/2016 13:56,other
783,google,,,,,engineer,Engineering,,3.0,0.5,65000.0,0.0,5000.0,25000,,3/21/2016 13:56,other
786,secret,,,,,quant algo developer,Software,,12.0,9.0,156.42,,99540.0,10K GBP,,3/21/2016 13:56,overDecade
794,google,,,,,software engineer,Software,,10.0,4.0,130000.0,,20000.0,30000,,3/21/2016 13:56,other
802,cconsultancy firm,,IE,53.0,-8.0,senior software developer,Software,Senior,8.5,7.0,62500.0,0.0,3000.0,0,,3/21/2016 13:57,other
804,qlogic,,,,,senior engineer,Engineering,Senior,5.0,5.0,20000.0,,,,,3/21/2016 13:57,other
809,cisco startup,,,,,senior software developer,Software,Senior,15.0,0.75,65000.0,0.0,0.0,0,,3/21/2016 13:57,overDecade
813,startup,MA,US,42.35,-71.06,engineer,Engineering,,2.0,2.0,130000.0,0.0,10000.0,0,,3/21/2016 13:58,other
814,amazon,,,,,sde ii,Software,2,2.0,2.0,118000.0,53500.0,,50000,,3/21/2016 13:58,other
815,financial times,,,,,web developer,Web,,12.0,5.0,65412.0,0.0,1422.0,0,,3/21/2016 13:58,overDecade
816,intuit,,,,,software engineer ii,Software,2,1.0,1.0,110000.0,5000.0,10000.0,15000,,3/21/2016 13:58,other
818,online training company,,IE,53.0,-8.0,software development manager,Management,,10.0,1.0,70000.0,0.0,30000.0,0,,3/21/2016 13:58,other
821,facebook,,,,,engineer,Engineering,,2.0,2.0,124000.0,50000.0,10000.0,57000,Great service!,3/21/2016 13:58,other
823,test,,,,,ceo,Management,,4.0,2.0,300000.0,10000.0,33333.0,22333,none,3/21/2016 13:58,other
825,trading technologies,,,,,software developer,Software,,9.0,7.0,150000.0,,12000.0,,,3/21/2016 13:58,other
827,amazon,,,,,sde i,Software,1,2.0,2.0,101000.0,25000.0,0.0,25000,,3/21/2016 13:58,other
828,medium sized isv,,CA,60.0,-95.0,application analyst,Data,,16.0,6.0,81500.0,0.0,3000.0,0,,3/21/2016 13:58,overDecade
829,microsoft,,,,,program manager ii,Management,2,3.0,3.0,124000.0,5000.0,13000.0,19000,,3/21/2016 13:59,other
830,startup,MS,US,38.0,-97.0,software developer,Software,,3.0,2.0,49000.0,0.0,700.0,0,,3/21/2016 13:59,other
831,foobar,,,,,developer,Software,,2.0,1.0,12000.0,0.0,0.0,0,,3/21/2016 13:59,other
834,sef,CA,US,37.77,-122.41,founder,Management,,20.0,1.0,0.0,0.0,0.0,0,Kill me,3/21/2016 13:59,overDecade
835,google,,,,,software engineer,Software,,2.0,2.0,110000.0,0.0,18000.0,55000,,3/21/2016 13:59,other
836,stanford,CA,US,37.41,-122.17,graduate student researcher,Other,,,6.0,32000.0,0.0,0.0,0,,3/21/2016 14:00,other
838,sandia national laboratories,,MX,23.0,-102.0,research intern,Other,Intern,2.0,0.0,46000.0,0.0,0.0,0,,3/21/2016 14:00,other
840,x,,,,,senior developer,Software,Senior,7.0,5.0,300000.0,0.0,0.0,0,,3/21/2016 14:00,other
844,vision critical,,,,,product manager,Management,,15.0,3.0,60000.0,3000.0,2000.0,"$1,000 ","CAD, not USD",3/21/2016 14:00,overDecade
845,a national reference laboratory,,,,,"bioinformatics scientist, sr",Applied Science,,5.0,1.0,92000.0,5000.0,3000.0,0,,3/21/2016 14:00,other
847,careworks tech,OH,US,39.98,-82.98,lead front-end web developer,Web,,5.0,2.0,77957.56,0.0,0.0,0,,3/21/2016 14:00,other
848,sacramento county,CA,US,38.58,-121.49,it analyst i,Data,1,4.0,1.0,61000.0,0.0,0.0,0,,3/21/2016 14:01,other
849,unnamed pre-series a startup,,DE,51.0,9.0,software engineer,Software,,2.0,0.0,48000.0,0.0,4000.0,0,,3/21/2016 14:01,other
850,airbnb,,,,,manager,Management,,10.0,2.0,180000.0,12000.0,,,,3/21/2016 14:01,other
852,niehs,NC,US,35.98,-78.91,software developer,Software,,2.0,1.0,68000.0,0.0,0.0,0,,3/21/2016 14:01,other
854,netspend,TX,US,30.26,-97.74,front-end developer,Web,,1.0,1.0,72000.0,0.0,5500.0,,,3/21/2016 14:01,other
855,automotive sector,,,,,software engineer,Software,,2.0,2.0,60000.0,0.0,4000.0,0,,3/21/2016 14:01,other
857,groupon,,,,,sr. engineering manager,Management,Senior,14.0,3.0,160000.0,,,"100,000",,3/21/2016 14:01,overDecade
862,google,,,,,staff software engineer,Software,,20.0,7.0,200000.0,,45000.0,"105,000",,3/21/2016 14:01,overDecade
868,ad-tech,NY,US,38.0,-97.0,senior data analyst,Data,Senior,8.0,2.0,110000.0,0.0,10000.0,pre-ipo so techniclly 0,I still can't believe people pay me to do what I would be doing for fun anyway,3/21/2016 14:02,other
869,lab126 (amazon),,,,,sde3,Software,3,26.0,1.0,155000.0,,50000.0,,RSUs Vest after 2 years. Bonus ends after 2 years.,3/21/2016 14:02,overDecade
871,open access publisher,,,,,technical architect,Other,,4.0,2.0,60000.0,0.0,0.0,1000,,3/21/2016 14:02,other
873,deka research,NH,US,42.99,-71.45,software engineer,Software,,5.0,3.0,69000.0,2000.0,3000.0,0,,3/21/2016 14:03,other
878,small consulting shop,,,,,sr consultant (software  engineer),Software,Senior,20.0,2.5,1500.0,,,na,,3/21/2016 14:03,overDecade
879,sitecrafting,,,,,web application developer,Web,,5.0,1.0,52500.0,0.0,0.0,0,Tacoma has a relatively low cost of living...but still...,3/21/2016 14:03,other
880,verizon,MA,US,42.38,-71.24,senior software engineer,Software,Senior,7.0,2.0,110000.0,,,0,,3/21/2016 14:03,other
881,instructure,,,,,software engineer,Software,,1.0,0.0,75000.0,0.0,0.0,20000,,3/21/2016 14:03,other
882,domo,UT,US,40.39,-111.78,account executive,Management,,5.0,1.0,80000.0,25000.0,140000.0,50000,,3/21/2016 14:03,other
883,hp,,BG,43.0,25.0,unix support engineer level 1,Engineering,1,1.0,1.0,5600.0,0.0,0.0,0,,3/21/2016 14:03,other
888,moven,PA,US,39.96,-75.35,software engineer,Software,,8.0,1.0,105000.0,0.0,0.0,0,Don't work here :'(,3/21/2016 14:04,other
889,insureon,,,,,sr full-stack develop,Other,Senior,7.0,1.0,85000.0,0.0,0.0,0,,3/21/2016 14:04,other
891,compas technology llc,,,,,full stack software engineer,Web,,3.0,1.0,75000.0,0.0,7500.0,0,,3/21/2016 14:04,other
892,~publicisgroupe,,,,,junior devops engineer,Engineering,Junior,5.0,1.0,33000.0,,,no,"IÛªve moved to Berlin and did not know what I can demand as salary, so I did the mistake to take the first offer, which is basically too low for this position.",3/21/2016 14:04,other
893,facebook,,,,,software engineer,Software,,2.0,0.0,145000.0,10000.0,14500.0,,,3/21/2016 14:04,other
896,aol,,,,,senior product manager,Management,Senior,3.0,1.0,120000.0,0.0,12000.0,5000,,3/21/2016 14:04,other
898,infosys,,,,,technology architect,Other,,12.0,7.0,90000.0,0.0,10.0,0,,3/21/2016 14:04,overDecade
900,minted,,,,,software intern,Software,Intern,1.0,0.0,74400.0,,,,,3/21/2016 14:05,other
902,microsoft,WA,US,47.68,-122.12,sde,Software,,5.0,1.0,115000.0,15000.0,,65000,,3/21/2016 14:05,other
908,large retailer,NY,US,40.71,-73.99,interactive designer,Other,,9.0,4.0,67000.0,0.0,0.0,0,,3/21/2016 14:05,other
909,here,,,,,software engeneer,Software,,5.0,2.0,65000.0,,10000.0,,,3/21/2016 14:05,other
910,uber,,,,,senior software engineer,Software,Senior,3.0,1.5,150000.0,0.0,25000.0,100000,,3/21/2016 14:05,other
911,shipwire,,,,,software engineer,Software,,4.0,2.0,91000.0,0.0,5.0,0,,3/21/2016 14:05,other
912,twitter,NY,US,38.0,-97.0,senior software engineer,Software,Senior,15.0,2.0,155000.0,0.0,0.0,325000,,3/21/2016 14:06,overDecade
918,salesforce,,,,,lead member of technical staff,Other,,10.0,5.0,150000.0,0.0,15000.0,30000,I love working here.,3/21/2016 14:06,other
919,consulting llc,,,,,technical architect,Other,,,3.0,92000.0,0.0,10000.0,0,,3/21/2016 14:06,other
922,costco,,,,,analyst,Data,,15.0,3.0,110000.0,0.0,0.0,0,,3/21/2016 14:06,overDecade
924,oracle,CA,US,38.0,-97.0,ux developer,Software,,10.0,5.0,100000.0,,,,,3/21/2016 14:07,other
927,1st4connect,,PK,30.0,70.0,software developer engineer,Software,,3.0,1.0,100000.0,,,,,3/21/2016 14:07,other
932,nike,OR,US,45.49,-122.8,senior technical project manager,Management,Senior,10.0,1.0,124000.0,0.0,0.0,0,,3/21/2016 14:07,other
934,fresh code,UT,US,40.75,-111.9,software engineer,Software,,5.0,0.5,95000.0,0.0,0.0,0,,3/21/2016 14:07,other
935,ericsson,,IE,53.0,-8.0,software engineer,Software,,4.0,1.0,40000.0,0.0,0.0,0,,3/21/2016 14:07,other
936,google,,,,,swe,Software,,15.0,5.0,130000.0,0.0,20000.0,~40000,,3/21/2016 14:07,overDecade
939,ak systems,NY,US,38.0,-97.0,software engineer,Software,,10.0,6.0,120000.0,,10000.0,,,3/21/2016 14:07,other
941,self-employed,,,,,consultant,Other,,3.0,3.0,300000.0,0.0,0.0,40000,Annual base pay is average between last year's revenue and this year's expected revenue,3/21/2016 14:08,other
944,freelance,,PE,-10.0,-76.0,software engineer,Software,,5.0,2.0,200000.0,0.0,0.0,40000,Rough (low end) estimate on salary. Hard to predict. Depends on workflow,3/21/2016 14:08,other
946,autodesk,,,,,senior software qa engineer,Software,Senior,8.0,5.0,108000.0,250.0,,30% Salary as Stock,"After 4 years, 6 week sabbatical",3/21/2016 14:08,other
948,cox automotive,VT,US,44.48,-73.22,ui developer,Software,,4.0,1.5,73500.0,0.0,5.0,0,,3/21/2016 14:08,other
950,square,,,,,software engineer,Software,,3.0,3.0,115000.0,0.0,0.0,60000,White guy here,3/21/2016 14:09,other
955,generic engineering consultant,,,,,consultant it/sec/infrastructure,Other,,15.0,1.0,105000.0,,4000.0,0,have I hit the ceiling?,3/21/2016 14:09,overDecade
956,formidable labs,,,,,senior front-end developer,Web,Senior,4.0,2.0,130000.0,0.0,12000.0,0,Good benefits,3/21/2016 14:09,other
957,mediamath,,,,,sr engagement associate,Other,Senior,3.0,1.0,57000.0,,,,,3/21/2016 14:09,other
958,state farm,AZ,US,33.45,-112.06,software developer,Software,,2.0,1.0,63000.0,4000.0,6000.0,,,3/21/2016 14:09,other
960,plain vanilla,,IS,65.0,-18.0,software developer,Software,,3.0,1.0,62000.0,0.0,0.0,0,,3/21/2016 14:09,other
963,directv,,,,,software engineer,Software,,2.0,2.0,80000.0,0.0,0.0,0,,3/21/2016 14:10,other
964,digitalocean,NY,US,38.0,-97.0,sre,Other,Senior,10.0,2.0,173000.0,25000.0,5000.0,,,3/21/2016 14:10,other
966,b2b,,,,,senior developer,Software,Senior,14.0,11.0,110000.0,0.0,0.0,0,,3/21/2016 14:10,overDecade
969,stealth startup,,,,,developer,Software,,10.0,0.0,46000.0,0.0,,,"Recently accepted offer, haven't started yet.",3/21/2016 14:10,other
970,shoretel,,,,,developer,Software,,8.0,4.0,80000.0,0.0,8000.0,0,"Bonus is dependent on company performance, said to be ~10% of salary for most people, but as an aquisition I'm not even eligible until 2017.",3/21/2016 14:10,other
972,johns hopkins,,,,,phd student,Other,,2.0,4.0,24000.0,0.0,0.0,0,,3/21/2016 14:10,other
973,logmein,,,,,senior software engineer,Software,Senior,4.0,2.0,110000.0,0.0,0.0,0,,3/21/2016 14:10,other
977,google,NY,US,38.0,-97.0,software engineer ii (level 3),Software,,4.0,1.0,117500.0,0.0,18000.0,45000,,3/21/2016 14:10,other
978,startup,,,,,sr. ops analyst,Data,Senior,2.0,1.5,70000.0,0.0,0.0,0,,3/21/2016 14:10,other
979,twitter,CA,US,37.77,-122.41,software engineer,Software,,3.0,1.0,140000.0,0.0,0.0,50000,,3/21/2016 14:10,other
983,self,,,,,telecom engineering consultant,Engineering,,22.0,20.0,200000.0,0.0,0.0,0,,3/21/2016 14:11,overDecade
984,audible,,,,,sde 2,Software,2,3.0,3.0,120000.0,15000.0,0.0,40000,,3/21/2016 14:11,other
985,amundi,,,,,it engineer,Engineering,,2.0,0.0,47000.0,,,,,3/21/2016 14:11,other
988,facebook,NC,US,38.0,-97.0,software engineer,Software,,12.0,2.0,198000.0,25000.0,40000.0,100000,,3/21/2016 14:11,overDecade
989,--,,,,,infrastructure engineer,Engineering,,10.0,,188000.0,0.0,0.0,,,3/21/2016 14:11,other
990,-,,AU,-27.0,133.0,senior software engineer,Software,Senior,15.0,1.0,115000.0,0.0,0.0,0,,3/21/2016 14:11,overDecade
991,workday,,,,,summer intern,Other,Intern,0.0,0.0,32.0,0.0,0.0,0,housing + food,3/21/2016 14:11,other
992,civil engineering company,,,,,project manager e.i,Management,,5.0,5.0,65000.0,0.0,0.0,0,,3/21/2016 14:11,other
993,l-mobile software solutions gmbh,,DE,51.0,9.0,software engineer,Software,,6.0,4.0,40000.0,0.0,0.0,0,,3/21/2016 14:11,other
997,bioinformatics company,,,,,internship,Other,Intern,0.0,0.0,12000.0,0.0,0.0,0,This is my final internship after which I will be graduating as a BS in Bioinformatics. The company has offered me a job for after graduation.,3/21/2016 14:12,other
998,intel,CA,US,38.67,-121.14,application developer,Software,,2.0,2.0,74000.0,6000.0,3000.0,15000,,3/21/2016 14:12,other
999,sovrn holdings,CO,US,40.02,-105.25,software engineer,Software,,6.0,1.0,105000.0,0.0,0.0,0,,3/21/2016 14:12,other
1003,,,CA,60.0,-95.0,software engineer (intermediate),Software,,7.0,0.0,100000.0,0.0,0.0,0,,3/21/2016 14:12,other
1004,small agency,,,,,web developer,Web,,4.0,2.0,62000.0,0.0,0.0,0,,3/21/2016 14:12,other
1006,thomson reuters,,,,,senior software engineer,Software,Senior,4.0,3.0,40000.0,,,,,3/21/2016 14:13,other
1007,vitelity communications,CO,US,39.76,-104.87,software engineer,Software,,5.0,3.0,70000.0,,,,Wore many hats. Decent place to work.,3/21/2016 14:13,other
1008,midsized company,,,,,data architect,Data,,1.0,1.0,74000.0,0.0,3000.0,5000,,3/21/2016 14:13,other
1009,amazon,CA,US,34.01,-118.49,sde i,Software,1,1.0,1.0,95000.0,27000.0,0.0,15000,,3/21/2016 14:13,other
1011,digitalocean,VA,US,38.0,-97.0,ruby engineer,Engineering,,10.0,1.0,130000.0,0.0,7000.0,15000,,3/21/2016 14:13,other
1012,misc,,,,,data scientist,Data,,1.0,1.0,55000.0,0.0,2000.0,0,,3/21/2016 14:13,other
1013,nvidia,,,,,software engineer ic2,Software,2,2.0,2.0,115000.0,,,,,3/21/2016 14:13,other
1017,tdispatch,,,,,senior developer,Software,Senior,15.0,1.0,60000.0,,,1%,,3/21/2016 14:13,overDecade
1019,photo hosting company,CA,US,37.41,-122.05,engineer,Engineering,,13.0,3.0,150000.0,0.0,2000.0,0,,3/21/2016 14:14,overDecade
1025,ixl learning,CA,US,37.57,-122.32,sr. software engineer,Software,Senior,4.0,3.0,125000.0,0.0,0.0,0,,3/21/2016 14:14,other
1026,mitre,MA,US,38.0,-97.0,lead software systems engineer,Software,,10.0,6.0,111500.0,3500.0,0.0,0,,3/21/2016 14:14,other
1027,ibm,SC,US,38.0,-97.0,senior systems analyst,Data,Senior,16.0,10.0,94000.0,,0.0,,,3/21/2016 14:14,overDecade
1028,google,,,,,software engineer,Software,,2.5,1.5,108000.0,,19000.0,52000,,3/21/2016 14:14,other
1029,6 person startup,CA,US,37.77,-122.41,software engineer,Software,,2.0,0.0,105000.0,5000.0,,,,3/21/2016 14:14,other
1030,wovenware,,,,,software developer,Software,,3.0,0.25,45000.0,0.0,3000.0,0,,3/21/2016 14:14,other
1032,google,,,,,sde,Software,,0.0,0.0,110.0,5.0,15.0,45,New Hire - College Grad (MS),3/21/2016 14:14,other
1033,self,MN,US,44.96,-93.26,senior front-end/full-stack developer,Web,Senior,8.0,,135000.0,,,,,3/21/2016 14:14,other
1035,expedia,,,,,software development engineer ii,Software,2,3.0,3.0,105000.0,0.0,12000.0,0,,3/21/2016 14:15,other
1036,microsoft,,,,,support escalation engineer,Engineering,,10.0,3.0,85320.0,4000.0,5000.0,"$4,000 ",,3/21/2016 14:15,other
1038,cgi,,CA,60.0,-95.0,senior consultant,Other,Senior,5.0,4.0,40000.0,0.0,800.0,3%,,3/21/2016 14:15,other
1040,ecommerce startup,UT,US,40.75,-111.9,magento developer,Software,,6.0,1.5,37500.0,0.0,15.0,,flexible hours; 5-minute commute; socially progressive atmosphere,3/21/2016 14:15,other
1041,state of california,CA,US,38.58,-121.49,staff programmer,Other,,4.0,3.0,65000.0,,,,Defined Benefit Pension,3/21/2016 14:15,other
1042,startup,,AU,-27.0,133.0,senior software engineer,Software,Senior,15.0,4.0,85000.0,0.0,0.0,0,,3/21/2016 14:15,overDecade
1043,dish,CO,US,39.82,-105.1,software engineer,Software,,1.0,1.0,70000.0,0.0,0.0,0,,3/21/2016 14:15,other
1044,uppsala,,SE,62.0,15.0,post-doc,Other,,6.0,6.0,51000.0,,,,,3/21/2016 14:15,other
1051,rentpath,,,,,sr software engineer,Software,Senior,5.0,4.0,108000.0,,,,,3/21/2016 14:16,other
1052,google,,,,,developer programs engineer,Software,,,,114000.0,,,,,3/21/2016 14:16,other
1053,the motley fool,VA,US,38.86,-77.05,systems administrator,Management,,5.0,2.0,85000.0,0.0,,,,3/21/2016 14:16,other
1054,ut dallas,TX,US,38.0,-97.0,programmer iii,Other,3,4.0,2.5,67500.0,0.0,0.0,0,,3/21/2016 14:16,other
1055,teradata,,,,,software engineer,Software,,6.0,3.0,78000.0,0.0,300.0,0,,3/21/2016 14:16,other
1058,datis hr cloud,FL,US,27.95,-82.48,software developer,Software,,15.0,0.0,115000.0,5000.0,2500.0,0,,3/21/2016 14:16,overDecade
1059,reddit,,,,,software engineer,Software,,15.0,1.0,150000.0,,,,,3/21/2016 14:16,overDecade
1061,radius,,,,,software engineer,Software,,5.0,2.0,135000.0,0.0,0.0,30000,,3/21/2016 14:16,other
1062,lever,,,,,it administrator,Management,,10.0,1.0,75000.0,5000.0,,,,3/21/2016 14:16,other
1063,microsoft,WA,US,47.68,-122.12,software engineer,Software,,7.0,7.0,144000.0,0.0,20000.0,10000,,3/21/2016 14:16,other
1064,ibm,TX,US,30.26,-97.74,software engineer,Software,,1.0,1.0,101000.0,10000.0,,,,3/21/2016 14:16,other
1065,washington post,WA,US,38.0,-97.0,full stack developer,Web,,,,80000.0,5000.0,0.0,0,,3/21/2016 14:17,other
1066,big  via middleman agency,,FR,46.0,2.0,front-end engineer,Web,,5.0,3.0,42000.0,1000.0,0.0,0,,3/21/2016 14:17,other
1067,springfield power company,CO,US,38.0,-97.0,nuclear safety inspector,Other,,30.0,30.0,24395.8,0.0,0.0,0,,3/21/2016 14:17,overDecade
1068,small agency,,,,,front-end developer,Web,,5.0,0.25,41238.0,,,No Stock,,3/21/2016 14:17,other
1069,groupon,,,,,production engineer,Engineering,,7.0,2.5,125000.0,10000.0,,500,,3/21/2016 14:17,other
1074,ssu,,,,,web developer,Web,,5.0,1.0,550000.0,0.0,0.0,0,,3/21/2016 14:17,other
1075,ontact,UT,US,40.75,-111.9,senior software engineer,Software,Senior,7.0,4.0,95000.0,0.0,8000.0,0,,3/21/2016 14:18,other
1076,small consulting firm,VA,US,38.86,-77.05,software developer,Software,,0.5,0.5,70000.0,5000.0,,,,3/21/2016 14:18,other
1080,accenture,WA,US,38.0,-97.0,analyst,Data,,2.0,2.0,72000.0,5000.0,5000.0,1000,,3/21/2016 14:18,other
1084,client in hr,,FR,46.0,2.0,developer,Software,,1.0,1.0,25000.0,0.0,0.0,0,,3/21/2016 14:19,other
1085,school of visual arts,NY,US,40.71,-73.99,systems administration,Management,,15.0,3.0,45000.0,,,No,"Free Tuition for any degree include family or relative, free Lynda.com, hourly 24.00 - 31.00",3/21/2016 14:19,overDecade
1087,onera,,FR,46.0,2.0,phd candidate,Other,,5.0,4.0,32000.0,0.0,0.0,0,PhD candidates dont get paid well,3/21/2016 14:19,other
1088,amazon,WA,US,47.61,-122.33,technical program manager,Management,,10.0,0.0,130000.0,37000.0,,20000,,3/21/2016 14:19,other
1091,think big,CA,US,37.41,-122.05,senior data engineer,Data,Senior,5.0,4.0,145000.0,0.0,15000.0,8000,,3/21/2016 14:19,other
1093,microsoft,WA,US,47.68,-122.12,software engineer ii,Software,2,7.0,7.0,128000.0,30000.0,10000.0,8000,,3/21/2016 14:19,other
1094,(private),MA,US,42.35,-71.06,creative director + designer/developer,Management,,12.0,4.0,100000.0,0.0,0.0,0,Retirement benefits very good... ~7% to ~14% (age/salary dependent),3/21/2016 14:22,overDecade
1097,dropbox,,,,,online marketing,Other,,5.0,1.0,110000.0,25000.0,0.0,40000,,3/21/2016 14:19,other
1098,pricewaterhousecoopers,,AU,-27.0,133.0,senior software engineer,Software,Senior,5.0,1.0,97000.0,0.0,2000.0,0,,3/21/2016 14:20,other
1100,apple,,,,,software engineer,Software,,2.0,2.0,118000.0,20000.0,10000.0,100000,,3/21/2016 14:20,other
1103,i,,,,,not,Other,,,,,,,WITH,WOMAN,3/21/2016 14:20,other
1104,gest,,,,,ceo,Management,,1.0,1.0,36000.0,0.0,0.0,0,,3/21/2016 14:20,other
1105,microsoft,,,,,software engineer i,Software,1,1.0,1.0,105000.0,15000.0,10000.0,"17,500",,3/21/2016 14:20,other
1106,kbc,,BE,50.83,4.0,data scientist,Data,,5.0,2.0,69000.0,0.0,5000.0,0,,3/21/2016 14:20,other
1107,ebay,,,,,mts,Other,,6.0,1.0,195000.0,10000.0,20000.0,"~150,000",,3/21/2016 14:20,other
1112,startup (15-20 people),CA,US,37.77,-122.41,senior software engineer,Software,Senior,6.0,0.5,150000.0,,,,,3/21/2016 14:21,other
1113,epic systems,WI,US,42.98,-89.53,software developer,Software,,0.9,0.9,95000.0,10000.0,,0,"Small bonus, but it appeared to be company wide instead of performance based.",3/21/2016 14:21,other
1117,ibm,,,,,graduate software developer,Software,,2.5,1.5,44000.0,0.0,0.0,0,,3/21/2016 14:21,other
1118,facebook,,,,,software engineer,Software,,1.0,1.0,135000.0,50000.0,30000.0,30000,,3/21/2016 14:21,other
1119,advertising,,,,,lead backend developer,Software,,5.0,1.0,42000.0,,2000.0,,,3/21/2016 14:21,other
1120,bah,MD,US,38.0,-97.0,senior software engineer,Software,Senior,15.0,1.0,101000.0,0.0,0.0,0,,3/21/2016 14:21,overDecade
1122,freelance,OR,US,45.44,-122.52,front-end developer,Web,,1.0,1.0,75000.0,,,,,3/21/2016 14:22,other
1123,microsoft,WA,US,47.68,-122.12,service engineer,Engineering,,3.0,1.0,105000.0,5000.0,,,,3/21/2016 14:22,other
1126,hcl america,WA,US,47.68,-122.12,system administrator,Management,,10.0,2.0,55000.0,0.0,0.0,0,Contracting at Microsoft,3/21/2016 14:22,other
1128,fcsa,NE,US,41.15,-95.92,software engineer - consultant,Software,,12.0,1.0,150000.0,0.0,0.0,0,,3/21/2016 14:22,overDecade
1129,lc holdings ltd,,,,,software developer,Software,,15.0,12.0,130000.0,,,,,3/21/2016 14:22,overDecade
1133,life time fitness,CO,US,39.96,-105.14,software engineer,Software,,5.0,1.0,75000.0,0.0,0.0,,,3/21/2016 14:22,other
1134,ergon energy,,AU,-27.0,133.0,senior telecommunications specialist,Other,Senior,10.0,1.0,1250000.0,0.0,0.0,0,,3/21/2016 14:22,other
1135,nav canada,,CA,60.0,-95.0,software developer,Software,,5.0,1.0,83000.0,0.0,0.0,0,Unionized with collective agreement,3/21/2016 14:22,other
1137,billups,OR,US,45.4,-122.68,director of product management,Management,,15.0,1.0,135000.0,0.0,0.0,0,,3/21/2016 14:22,overDecade
1146,reply spa,,DE,51.0,9.0,consultant,Other,,0.0,0.0,45000.0,0.0,0.0,0,,3/21/2016 14:23,other
1148,bitdefender srl,,OM,21.0,57.0,software engineer,Software,,2.0,2.0,21500.0,0.0,0.0,0,,3/21/2016 14:23,other
1151,segment,,,,,operations,Operations,,2.0,1.0,105000.0,0.0,0.0,5000,,3/21/2016 14:24,other
1159,private internet access,,,,,media,Other,,20.0,7.0,36000.0,0.0,0.0,0,,3/21/2016 14:24,overDecade
1162,buffer,ON,CA,60.0,-95.0,mobile engineering lead,Engineering,,6.0,2.0,103595.0,0.0,0.0,0,,3/21/2016 14:24,other
1164,amazon,,,,,sde 1,Software,1,3.0,1.5,115000.0,65000.0,3000.0,35253,"Stock schedule is backloaded (year 1: 5%, year 2: 15%, year 2.5: 20%, year 3: 20%, year 3.5: 20%, and year 4: 20%) and signing bonus is over 2 years. Total value of stock is now $141k, but was $90k at time of signing. ",3/21/2016 14:24,other
1165,innova bilisim,,,,,application development specialist,Software,,3.0,2.0,54000.0,0.0,4000.0,,,3/21/2016 14:24,other
1166,eastman chemical company,TN,US,36.52,-82.55,accountant,Other,,2.0,2.0,62000.0,2500.0,,,,3/21/2016 14:24,other
1167,deoitte,,,,,consultant,Other,,1.0,1.0,70000.0,5000.0,0.0,0,,3/21/2016 14:24,other
1169,centurylink,CO,US,39.82,-105.1,software engineer,Software,,3.0,1.0,80000.0,0.0,4000.0,0,,3/21/2016 14:25,other
1174,microsoft,WA,US,47.68,-122.12,senior software engineer,Software,Senior,4.0,4.0,147000.0,5000.0,26000.0,22000,,3/21/2016 14:25,other
1177,edgecase,,,,,web developer,Web,,2.0,1.0,55000.0,0.0,0.0,,,3/21/2016 14:25,other
1179,freelance,,CH,47.0,8.0,software security engineer,Software,,10.0,0.0,140000.0,0.0,20000.0,0,,3/21/2016 14:25,other
1181,general electric,,,,,sr software engineer,Software,Senior,6.5,3.0,136000.0,0.0,13600.0,6000,,3/21/2016 14:25,other
1187,rackspace,TX,US,30.26,-97.74,software engineer,Software,,5.0,,135000.0,0.0,15.0,,,3/21/2016 14:26,other
1189,transferwise,,,,,software engineer,Software,,2.5,1.0,45000.0,0.0,0.0,0,,3/21/2016 14:26,other
1190,thermo fisher scientific,MA,US,42.63,-71.32,software engineer ii,Software,2,3.0,2.0,84000.0,5000.0,4000.0,0,,3/21/2016 14:26,other
1192,protolabs,MN,US,38.0,-97.0,analyst,Data,,3.0,1.0,45000.0,,1500.0,5%,,3/21/2016 14:26,other
1194,of illinois,IL,US,40.11,-88.26,communications specialist,Other,,6.0,3.0,58000.0,,,,Excellent benefits including 24 paid days off a year PLUS holidays.,3/21/2016 14:27,other
1200,google,CA,US,37.41,-122.05,web solutions engineer,Web,,10.0,1.0,120000.0,0.0,18000.0,28000,,3/21/2016 14:27,other
1202,orbitz,,,,,software engineer,Software,,6.0,3.0,780000.0,0.0,3500.0,0,"Orbitz is very cheap when it comes to giving increments or salaries and now when Expedia has taken over... Forget the increments... My felllow ""scrappy"" Orbitz engineers, Run! Run!! Run!!!!!",3/21/2016 14:27,other
1204,paypal,MD,US,38.0,-97.0,software engineer,Software,,1.0,1.0,80000.0,10000.0,10.0,"$2,500 ",Stock is $10m000 over 4 years.,3/21/2016 14:27,other
1205,-,,,,,devops engineer,Engineering,,12.0,2.0,128000.0,0.0,4000.0,"Don't recall. Options are given, not RSUs.","Great place to work but the salary is very atypical within the company and region. Only got it due to existing connections. Thus, company is not named.",3/21/2016 14:27,overDecade
1206,undisclosed,OR,US,45.44,-122.52,sr. support engineer,Engineering,Senior,15.0,4.0,97000.0,0.0,0.0,"50,000",,3/21/2016 14:28,overDecade
1207,mozilla,,,,,engineering manager,Management,,15.0,6.0,132000.0,0.0,35000.0,0,,3/21/2016 14:28,overDecade
1208,indiana,,IN,20.0,77.0,it systems specialist,Other,,10.0,1.0,85000.0,0.0,0.0,0,,3/21/2016 14:28,other
1209,bitdefender srl,,,,,software engineer,Software,,10.0,10.0,100000.0,20000.0,10000.0,0,,3/21/2016 14:35,other
1215,startup,,,,,ui lead,Other,,10.0,2.0,105000.0,0.0,0.0,0,,3/21/2016 14:28,other
1218,uber technologies,,,,,software engineer,Software,,4.0,1.0,140000.0,0.0,50000.0,200000,,3/21/2016 14:28,other
1221,ibm,CA,US,33.74,-117.76,staff software engineer,Software,,4.0,4.0,88800.0,0.0,1000.0,0,,3/21/2016 14:28,other
1222,amazon,,,,,software engineer,Software,,8.0,2.0,140000.0,0.0,0.0,,,3/21/2016 14:29,other
1226,interviewjet,NY,US,38.0,-97.0,head of talent,Other,,2.0,1.0,50000.0,0.0,0.0,0,"We're a mostly self-funded startup, so salaries are lower but commission is decent.",3/21/2016 14:29,other
1227,philips,,NL,52.5,5.75,software engineer,Software,,6.0,3.0,55000.0,6000.0,,,,3/21/2016 14:29,other
1231,intuit,,,,,software engineer,Software,,3.0,2.0,95000.0,5000.0,5000.0,,,3/21/2016 14:30,other
1232,softvision,,,,,full-stack developer,Web,,5.0,5.0,42000.0,3000.0,0.0,0,,3/21/2016 14:30,other
1235,ericsson,,HU,47.0,20.0,software developer,Software,,10.0,10.0,28000.0,0.0,1500.0,0,,3/21/2016 14:30,other
1237,apple,CA,US,37.3,-122.09,firmware engineer,Engineering,,5.0,4.0,120000.0,10000.0,10000.0,35000,,3/21/2016 14:30,other
1238,metova,,,,,android developer,Software,,7.0,0.25,85000.0,0.0,0.0,0,"+5.33 hours PTO per pay period (bi-monthly)
Bi-annual reviews w/ possibility for raises",3/21/2016 14:30,other
1240,amazon,NY,US,38.0,-97.0,sde2,Software,2,8.0,3.0,140000.0,40000.0,0.0,100000,,3/21/2016 14:32,other
1244,hp,,,,,lead ios engineer,Engineering,,5.0,2.5,84000.0,0.0,1000.0,0,,3/21/2016 14:31,other
1246,of california,,,,,graduate student,Other,,6.0,4.0,32500.0,0.0,0.0,0,Some perspective.,3/21/2016 14:31,other
1247,patientsky,,,,,software developer,Software,,6.0,1.0,80000.0,,,,,3/21/2016 14:31,other
1249,microsoft,,,,,software engineer,Software,,4.0,1.5,104000.0,20000.0,10000.0,15000,,3/21/2016 14:31,other
1252,toyota,CA,US,33.67,-117.9,senior javascript engineer,Engineering,Senior,9.0,1.0,124000.0,0.0,5000.0,0,,3/21/2016 14:31,other
1253,aaaa,,,,,asdasdd,Other,,12.0,12.0,123123.0,12.0,12.0,123,adasd,3/21/2016 14:32,overDecade
1255,george mason,VA,US,38.86,-77.05,assistant professor,Other,,4.0,4.0,102000.0,0.0,20400.0,0,,3/21/2016 14:32,other
1258,crytek,,DE,51.0,9.0,web developer,Web,,8.0,1.0,50000.0,0.0,0.0,0,,3/21/2016 14:32,other
1261,placed,,,,,big data engineer,Data,,1.0,0.0,68500.0,0.0,0.0,110,,3/21/2016 14:33,other
1262,bisite research group,,ES,40.0,-4.0,intern software engineer,Software,Intern,4.0,0.0,5160.0,0.0,0.0,0,,3/21/2016 14:33,other
1266,qualcomm,CO,US,38.0,-97.0,senior engineer,Engineering,Senior,4.0,4.0,120000.0,20000.0,5000.0,10000,,3/21/2016 14:33,other
1267,a law firm,,,,,web developer,Web,,2.0,1.0,75000.0,0.0,5000.0,0,,3/21/2016 14:33,other
1268,apple,,,,,analyst,Data,,5.0,2.0,105000.0,,,,,3/21/2016 14:33,other
1272,penn medicine,PA,US,39.95,-75.16,senior software developer,Software,Senior,5.0,2.0,90000.0,0.0,0.0,0,,3/21/2016 14:34,other
1275,bitdefender srl,,,,,software engineer,Software,,3.0,3.0,30000.0,0.0,1000.0,0,,3/21/2016 14:34,other
1276,boeing,,,,,astrodynamics engineer/programmer,Engineering,,12.0,12.0,108000.0,,4150.0,,,3/21/2016 14:34,overDecade
1277,akamai,,,,,software engineer,Software,,2.0,2.0,75000.0,0.0,,,,3/21/2016 14:35,other
1278,bloomberg,NY,US,38.0,-97.0,software engineer,Software,,8.0,2.0,150000.0,,20000.0,,,3/21/2016 14:35,other
1279,elisa,,FI,64.0,26.0,senior software engineer,Software,Senior,13.0,11.0,48000.0,0.0,1000.0,0,Remote,3/21/2016 14:35,overDecade
1280,agl energy,,AU,-27.0,133.0,analyst,Data,,3.0,1.0,90000.0,0.0,10000.0,1000,,3/21/2016 14:35,other
1281,etsy,,,,,software developer,Software,,7.0,3.0,130000.0,0.0,0.0,10000,,3/21/2016 14:35,other
1285,nationbuilder,,,,,software engineer,Software,,3.0,2.0,115000.0,0.0,0.0,0,,3/21/2016 14:35,other
1287,freelance,,,,,javascript developer,Software,,5.0,5.0,85320.0,,,,,3/21/2016 14:35,other
1288,shadowfax,,IN,20.0,77.0,business analyst,Data,,3.0,1.0,25000.0,0.0,2500.0,P,,3/21/2016 14:35,other
1291,la michoacana,,,,,servidor de aguas,Other,,3.0,7.0,48000.0,0.0,0.0,0,,3/21/2016 14:36,other
1293,byu,,,,,programmer,Other,,8.0,8.0,20000.0,0.0,0.0,0,,3/21/2016 14:36,other
1296,bitdefender srl,,,,,software engineer,Software,,3.0,3.0,40000.0,0.0,0.0,0,,3/21/2016 14:36,other
1297,startup,,,,,firmware engineer,Engineering,,2.0,1.0,90000.0,0.0,0.0,2500,,3/21/2016 14:36,other
1298,~100 person startup,,,,,software engineer / team lead,Management,,5.0,2.0,140000.0,0.0,0.0,75000,,3/21/2016 14:36,other
1299,too small to say publicly,OH,US,39.77,-84.19,research engineer,Engineering,,7.0,1.0,119500.0,0.0,0.0,0,Small employee-owned companies are great! Down with closely-held companies! Start co-ops!,3/21/2016 14:36,other
1300,level-studios,,,,,ui developer,Software,,5.0,3.0,75000.0,1000.0,,,,3/21/2016 14:36,other
1301,,,DE,51.0,9.0,post doc in computer science,Applied Science,,7.0,7.0,60480.0,0.0,0.0,0,,3/21/2016 14:36,other
1302,univ,,,,,lead devops engineer,Engineering,,10.0,3.0,144000.0,5000.0,0.0,0,Signing bonus was relocation,3/21/2016 14:36,other
1303,bitdefender srl,,,,,software architect,Software,,1.0,1.0,15000.0,0.0,0.0,0,,3/21/2016 14:36,other
1305,qualcomm,,,,,operations engineer,Engineering,,20.0,5.0,170000.0,15000.0,32000.0,"60,000$",,3/21/2016 14:37,overDecade
1309,oracle,CA,US,38.0,-97.0,software architect,Software,,13.0,1.0,400000.0,,50000.0,100000,,3/21/2016 14:37,overDecade
1310,prominent consultancy,NY,US,38.0,-97.0,mobile developer,Software,,3.0,1.0,111000.0,5000.0,0.0,0,,3/21/2016 14:37,other
1312,smallest possible startup,,,,,senior software developer,Software,Senior,12.0,3.0,150000.0,0.0,0.0,0,I'm hugely being underpaid.,3/21/2016 14:38,overDecade
1318,netapp,,,,,intern,Other,Intern,2.0,0.25,31.0,0.0,0.0,0,,3/21/2016 14:38,other
1320,airline company,,,,,software developer,Software,,0.0,0.0,60000.0,0.0,0.0,0,,3/21/2016 14:38,other
1321,tasties,,,,,sveeeeeeeeetrs peeeeeeeeetrs,Other,,2.0,10.0,100000.0,1000.0,1000.0,0,Nutters. Butters. Panters. Waaaanters,3/21/2016 14:38,other
1323,red ratos brazil,,BR,-10.0,-55.0,senior software engineer,Software,Senior,8.0,4.0,27000.0,,4000.0,,,3/21/2016 14:39,other
1324,small startup ~8 employees,,IL,31.47,35.13,ruby engineer,Engineering,,9.0,3.0,56000.0,0.0,0.0,~0.6%,,3/21/2016 14:39,other
1326,rather not say,,,,,software engineer,Software,,6.0,0.6,120000.0,10000.0,,50000,,3/21/2016 14:39,other
1327,housing,,,,,software developer,Software,,1.0,1.0,27000.0,0.0,0.0,0,,3/21/2016 14:39,other
1328,pzu s.a.,,PL,52.0,20.0,software developer,Software,,3.0,1.0,27000.0,0.0,0.0,0,,3/21/2016 14:39,other
1329,qualcomm,,,,,senior engineer,Engineering,Senior,4.0,4.0,105000.0,5000.0,3500.0,13000,,3/21/2016 14:39,other
1332,microsoft,WA,US,47.61,-122.33,senior applied scientist,Applied Science,Senior,6.0,6.0,155000.0,0.0,30000.0,20000,,3/21/2016 14:40,other
1334,vevo,,,,,technical product manager,Management,,4.0,1.0,135000.0,0.0,,10000,,3/21/2016 14:40,other
1335,freelance,,,,,front end developer,Web,,9.0,3.0,110000.0,0.0,0.0,0,,3/21/2016 14:40,other
1337,cisco,,,,,software developer,Software,,3.0,2.0,59013.0,0.0,6399.0,~6000 GBP,This is at the low end of 'grade 8',3/21/2016 14:41,other
1338,blink creative,,AU,-27.0,133.0,junior web developer,Web,Junior,4.0,1.0,38150.0,0.0,0.0,0,,3/21/2016 14:41,other
1342,craftsy,CO,US,39.82,-105.1,lead engineer,Engineering,,11.0,4.0,120000.0,0.0,0.0,0,I have a standard cliff/monthly vest option grant but i value it at zero.,3/21/2016 14:41,overDecade
1343,sonar,,,,,software engineer,Software,,5.0,1.0,95000.0,0.0,0.0,0,Sonar is the worst.,3/21/2016 14:41,other
1344,shutterstock,NY,US,40.71,-73.99,infrastructure engineer,Engineering,,8.0,1.5,139000.0,,10.0,5000,,3/21/2016 14:42,other
1345,mozilla,,,,,senior software engineer,Software,Senior,,,85000.0,0.0,25000.0,,,3/21/2016 14:42,other
1346,neuvoo,,VE,8.0,-66.0,full stack software engineer,Web,,3.0,0.0,8400.0,0.0,0.0,0,,3/21/2016 14:42,other
1350,sogeti,,,,,consultant,Other,,3.0,1.0,69000.0,,,,,3/21/2016 14:43,other
1352,buch,,,,,buch,Other,,7.0,3.0,1234555.0,,,,,3/21/2016 14:43,other
1354,codechangers,UT,US,38.0,-97.0,content manager,Management,,3.0,0.0,45000.0,0.0,0.0,0,,3/21/2016 14:44,other
1355,bloomberg,NY,US,40.71,-73.99,software developer,Software,,3.0,3.0,139000.0,5000.0,17000.0,,,3/21/2016 14:44,other
1356,umbc imaging research center,MD,US,39.3,-76.61,faculty research assistant,Other,,2.0,1.0,42000.0,0.0,0.0,0,,3/21/2016 14:44,other
1357,rupeal,,PT,39.5,-8.0,senior software developer,Software,Senior,9.0,2.0,40000.0,,,,,3/21/2016 14:44,other
1358,twitch now owned by amazon,,,,,software engineer,Software,,5.0,3.0,150000.0,0.0,0.0,400000,stock is from acquisition,3/21/2016 14:44,other
1359,hearst,NY,US,38.0,-97.0,software engineer,Software,,10.0,2.0,150000.0,0.0,0.0,0,,3/21/2016 14:44,other
1362,you're,,,,,fucking,Other,,,,,,,YOU,ME,3/21/2016 14:44,other
1365,salesforce,,,,,lead engineer,Engineering,,5.0,2.0,165000.0,,25000.0,50000,,3/21/2016 14:45,other
1366,murex,NY,US,38.0,-97.0,consultant,Other,,4.0,4.0,100000.0,,20000.0,,,3/21/2016 14:45,other
1368,digitaslbi,NY,US,38.0,-97.0,senior analyst,Data,Senior,2.0,0.0,90000.0,0.0,0.0,0,,3/21/2016 14:45,other
1369,google,NY,US,38.0,-97.0,software engineer ii,Software,2,5.0,1.5,124000.0,10000.0,22000.0,46000,,3/21/2016 14:45,other
1370,new york,NY,US,40.71,-73.99,grader,Other,,1.0,1.0,6320.0,0.0,0.0,0,10 hour position for Spring 2015 semester paying $2120 and 20 hour position for Fall 2015 semester paying $4200,3/21/2016 14:46,other
1372,salesforce,CA,US,37.77,-122.41,lead member of technical staff,Other,,9.0,1.5,170000.0,25000.0,25000.0,35000,,3/21/2016 14:46,other
1375,google,,,,,swe 3 (t4),Software,,4.0,2.0,130000.0,,23000.0,60000,,3/21/2016 14:47,other
1377,vmware,CA,US,37.44,-122.15,member of technical staff ii,Other,2,1.0,1.0,115000.0,33750.0,13800.0,20000,,3/21/2016 14:47,other
1380,trade me ltd,,NZ,-41.0,174.0,developer,Software,,8.0,5.0,89000.0,,0.0,0,,3/21/2016 14:49,other
1381,a small cad compary,CO,US,39.69,-104.81,software engineer,Software,,2.0,1.0,66500.0,0.0,0.0,0,"Started at $45000. Unlimited sick time, 15 PTO days a year, 401k match up to 4%. I love working here  but hate hearing how much money everyone else is making doing similar quality work... I GOT FIVE KIDS TO FEED, MAN.",3/21/2016 14:49,other
1383,knewton,NY,US,38.0,-97.0,senior software engineer,Software,Senior,2.5,2.5,140000.0,0.0,0.0,0,Granted 1000 RSUs yearly,3/21/2016 14:49,other
1384,nvidia,,,,,software engineer,Software,,2.0,2.0,125000.0,9000.0,0.0,"10,000",,3/21/2016 14:49,other
1385,metromile,,,,,senior mobile developer,Software,Senior,3.0,1.0,145000.0,0.0,0.0,9000 options,,3/21/2016 14:49,other
1386,a software company,,PL,52.0,20.0,team leader,Other,,4.0,2.0,19000.0,0.0,500.0,0,,3/21/2016 14:49,other
1387,amazon web services,,,,,systems engineer,Engineering,,4.0,1.0,98000.0,30000.0,,70000,,3/21/2016 14:49,other
1391,td securities,,,,,senior software engineer,Software,Senior,14.0,0.0,170000.0,0.0,25000.0,0,,3/21/2016 14:50,overDecade
1395,tdw,,,,,webdeveloper,Software,,4.0,2.0,36000.0,,3000.0,,,3/21/2016 14:51,other
1398,independent movie studio,,,,,it director,Management,,8.0,2.0,93500.0,0.0,3000.0,0,,3/21/2016 14:51,other
1401,pandora,,,,,software engineer,Software,,3.0,1.0,115000.0,50000.0,10000.0,40000,,3/21/2016 14:52,other
1402,nike,,,,,javascript engineer,Engineering,,8.0,0.0,156000.0,0.0,0.0,0,Contractor,3/21/2016 14:52,other
1404,zenoss,,,,,solutions engineer,Engineering,,14.0,3.0,132000.0,0.0,10.0,0,,3/21/2016 14:52,overDecade
1405,3m,,,,,full stack web developer,Web,,13.0,2.0,140000.0,,,,,3/21/2016 14:53,overDecade
1407,a non-profit research institute,,DE,51.0,9.0,software engineer,Software,,9.0,1.5,48160.0,0.0,0.0,0,But the atmosphere is really nice! :),3/21/2016 14:54,other
1409,crowdrise,,,,,frontend developer,Web,,4.0,0.0,75000.0,0.0,0.0,0,,3/21/2016 14:53,other
1412,automotive,TX,US,38.0,-97.0,software test,Software,,6.0,3.0,65000.0,0.0,7000.0,0,"Don't move to Austin, just come visit.",3/21/2016 14:54,other
1416,concrete solutions,,,,,senior android developer,Software,Senior,8.0,1.0,72000.0,,,,,3/21/2016 14:55,other
1417,hearst,,,,,software developer,Software,,3.0,2.0,11000.0,0.0,0.0,0,,3/21/2016 14:55,other
1418,toptal (freelance),,,,,senior software developer,Software,Senior,10.0,1.0,96000.0,0.0,0.0,0,$50 usd / hour working remotely with US companies,3/21/2016 14:55,other
1420,liveops,,,,,project manager,Management,,4.0,2.0,90000.0,,4500.0,,,3/21/2016 14:56,other
1424,microsoft,,,,,sde intern,Software,Intern,1.33,0.66,90000.0,5000.0,10000.0,0,"Every two internships pay goes up by $500/month, an each internship after the first has a $5000 signing bonus. These numbers are annual iff you has three consecutive internships after already having two to start, and neglects the pay raise which would happen in the third.",3/21/2016 14:56,other
1425,technicolor belgium,,,,,software engineer,Software,,16.0,4.0,82500.0,0.0,6500.0,0,Euro,3/21/2016 14:56,overDecade
1426,bloomberg lp,NY,US,40.71,-73.99,senior software egnineer,Software,Senior,2.0,2.0,120000.0,0.0,20000.0,0,,3/21/2016 14:56,other
1427,cabinetm,,,,,product manager,Management,,0.0,0.5,45000.0,0.0,0.0,,,3/21/2016 14:56,other
1428,startup,,IN,20.0,77.0,web developer,Web,,0.5,0.5,3609.0,,,,,3/21/2016 14:57,other
1430,paylocity,,,,,software engineer,Software,,2.0,1.0,86500.0,0.0,2000.0,0,,3/21/2016 14:56,other
1431,thoughtworks,,,,,senior sw developer,Software,Senior,6.0,2.0,50000.0,0.0,0.0,0,,3/21/2016 14:56,other
1432,shutterstock,NY,US,38.0,-97.0,engineer,Engineering,,5.0,3.0,100000.0,0.0,0.0,1000,,3/21/2016 14:57,other
1434,harvard,MA,US,42.35,-71.06,research fellow,Other,,5.0,2.0,62000.0,0.0,0.0,0,,3/21/2016 14:57,other
1439,arm ltd,,,,,software engineer,Software,,1.0,2.5,54747.0,2844.0,5.0,å£4000,,3/21/2016 14:57,other
1441,oracle,WA,US,47.61,-122.33,ux developer,Software,,8.0,5.0,129500.0,0.0,0.0,20000,,3/21/2016 14:58,other
1442,saic,AL,US,34.7,-86.62,senior computer engineer,Engineering,Senior,25.0,8.0,119000.0,0.0,0.0,0,Government contracting,3/21/2016 14:58,overDecade
1443,city of carson city,NV,US,39.14,-119.71,it systems technician,Other,,4.0,1.0,46000.0,,,,,3/21/2016 14:58,other
1444,full time twat,,,,,twat master,Other,,7.0,5.0,45000.0,0.0,5000.0,,all in GBP,3/21/2016 14:58,other
1445,microsoft,,,,,pm,Other,,1.0,0.0,105000.0,20000.0,20000.0,30000,,3/21/2016 14:58,other
1446,intel,CA,US,38.67,-121.14,software engineering manager,Management,,16.0,2.0,160000.0,10000.0,25000.0,8000,pretty awesome place to work at,3/21/2016 14:59,overDecade
1455,infinera,,,,,senior software developer,Software,Senior,10.0,3.0,60000.0,,,,,3/21/2016 14:59,other
1456,apple,,,,,software engineer,Software,,3.5,2.0,131000.0,17000.0,10000.0,"15,000",,3/21/2016 14:59,other
1458,kpmg,NY,US,38.0,-97.0,manager,Management,,5.0,5.0,105000.0,0.0,10000.0,0,,3/21/2016 14:59,other
1459,hewlett packard enterprise,CA,US,38.74,-121.25,software engineer,Software,,4.0,19.0,125000.0,0.0,5700.0,0,,3/21/2016 15:00,other
1460,pandora,,,,,database administrator,Management,,5.0,3.0,132000.0,4000.0,7000.0,"$25,000 ",,3/21/2016 15:00,other
1462,google,,BE,50.83,4.0,operations engineer,Engineering,,6.5,1.5,67500.0,0.0,13500.0,14000,,3/21/2016 15:00,other
1465,intel,CA,US,38.67,-121.14,software engineer,Software,,15.0,3.0,135000.0,25000.0,15000.0,5000,i know i am underpaid,3/21/2016 15:01,overDecade
1467,lawrence livermore national laboratory,CA,US,37.68,-121.75,ses.2,Other,2,4.0,3.0,120000.0,,,,,3/21/2016 15:01,other
1471,yelp,,,,,product manager,Management,,1.5,1.5,140000.0,10000.0,0.0,100000,,3/21/2016 15:02,other
1472,google,,,,,software engineer ii,Software,2,3.0,2.0,121000.0,,70000.0,49000,,3/21/2016 15:02,other
1473,startup,,,,,senior front-end engineer,Web,Senior,15.0,1.0,140000.0,0.0,0.0,100000,,3/21/2016 15:02,overDecade
1474,austin ai startup,TX,US,30.26,-97.74,ui team lead,Management,,5.0,1.5,90000.0,0.0,20000.0,0,,3/21/2016 15:02,other
1475,online loan company,IL,US,38.0,-97.0,sr software engineer,Software,Senior,6.0,2.0,92700.0,0.0,92700.0,0,Can't be specific about company name. Sorry,3/21/2016 15:03,other
1477,e-commerce fashion company,,,,,senior software engineer,Software,Senior,4.0,1.0,59724.0,0.0,1500.0,0,"The wage seems low by SV standards, but in my area it's in the top 10%.",3/21/2016 15:03,other
1482,pre series a startup,,DK,56.0,10.0,lead software engineer,Software,,5.0,1.0,108500.0,,,,,3/21/2016 15:04,other
1483,google,,,,,software developer iii,Software,3,14.0,3.0,150000.0,20000.0,30000.0,60000,,3/21/2016 15:04,overDecade
1484,oracle,,,,,pmts,Other,,15.0,5.0,122000.0,0.0,0.0,0,,3/21/2016 15:04,overDecade
1487,national instruments,,,,,software engineer r&d,Software,,5.0,2.0,73000.0,3000.0,0.0,$300 ,,3/21/2016 15:04,other
1488,d2l,,CA,60.0,-95.0,software developer,Software,,3.0,3.0,70000.0,0.0,3.0,0,,3/21/2016 15:05,other
1490,fedex ground,PA,US,40.35,-79.9,engineer,Engineering,,4.0,3.0,67000.0,0.0,1000.0,0,,3/21/2016 15:05,other
1491,icm,,AU,-27.0,133.0,manager,Management,,20.0,2.5,143000.0,0.0,7150.0,0,,3/21/2016 15:05,overDecade
1492,tableau,WA,US,47.67,-122.18,software engineer,Software,,1.0,1.0,86000.0,2400.0,10.0,,Love this company!,3/21/2016 15:05,other
1493,emc,,IE,53.0,-8.0,senior engineer,Engineering,Senior,,,58000.0,,6000.0,,,3/21/2016 15:05,other
1495,garmin,KS,US,38.88,-94.81,software engineer 2,Software,2,4.0,3.0,76000.0,4000.0,250.0,0,Other benefits like ESPP and 401k matching/base contributions.,3/21/2016 15:05,other
1498,mozilla,,,,,senior software engineer,Software,Senior,6.0,1.0,124000.0,,40000.0,,,3/21/2016 15:05,other
1501,amazon,,LU,49.75,6.17,product management intern,Other,Intern,0.0,0.5,24000.0,0.0,0.0,0,internship,3/21/2016 15:06,other
1502,fed govt,WA,US,38.0,-97.0,it program manager,Management,,25.0,25.0,135000.0,0.0,0.0,0,,3/21/2016 15:06,overDecade
1503,ngo,,SE,62.0,15.0,lead engineer,Engineering,,1.0,1.0,44000.0,0.0,0.0,0,,3/21/2016 15:06,other
1505,twitter,,,,,software engineer,Software,,5.0,2.5,133000.0,0.0,0.0,300000,,3/21/2016 15:07,other
1506,playsaurus,,,,,software engineer,Software,,5.0,1.0,75000.0,4000.0,30000.0,0,,3/21/2016 15:07,other
1507,startup,SC,US,34.83,-82.37,front-end engineer,Web,,6.0,,80000.0,,,,,3/21/2016 15:07,other
1508,amazon,WA,US,47.61,-122.33,sde1,Software,1,4.0,1.0,115000.0,50000.0,,,,3/21/2016 15:07,other
1510,twitter,,,,,sr. software engineer,Software,Senior,10.0,2.5,150000.0,0.0,0.0,500000,Hired as part of an acquisition,3/21/2016 15:08,other
1511,tiny startup,,,,,engineer,Engineering,,20.0,0.0,86200.0,,0.0,1% equity,,3/21/2016 15:08,overDecade
1512,wayfair,,,,,marketing manager,Management,,5.0,0.0,75000.0,0.0,15000.0,"15,000âÂ",,3/21/2016 15:08,other
1514,rr donnelley,IL,US,41.85,-87.65,manager / productowner,Management,,15.0,15.0,10800.0,0.0,10.0,0,"No 401k , frozen pension",3/21/2016 15:09,overDecade
1515,c3iot,CA,US,37.46,-122.24,senior software engineer,Software,Senior,10.0,2.0,130000.0,0.0,18.0,,,3/21/2016 15:09,other
1517,freelancer/self-employed,,SE,62.0,15.0,consultant,Other,,12.0,4.0,61000.0,0.0,0.0,0,Freelancer in a country that has a very different salary and taxation system than the US.,3/21/2016 15:09,overDecade
1518,startup,,,,,software engineer,Software,,6.0,3.0,150000.0,0.0,15000.0,0,,3/21/2016 15:10,other
1520,uber,,,,,software engineer ii,Software,2,3.0,1.0,145000.0,0.0,24000.0,350000,,3/21/2016 15:10,other
1526,self employed/consultant,,,,,senior software engineer,Software,Senior,6.0,3.0,250000.0,0.0,0.0,0,,3/21/2016 15:10,other
1528,dun and bradstreet,,,,,ui architect,Other,,6.0,2.0,108000.0,0.0,15000.0,0,,3/21/2016 15:11,other
1529,palantir,,,,,forward deployed engineer,Engineering,,5.0,3.0,155000.0,15000.0,28500.0,146000,,3/21/2016 15:11,other
1531,booking,,,,,senior developer,Software,Senior,9.0,3.0,66000.0,,30000.0,âÂ50K,,3/21/2016 15:11,other
1539,small startup,PA,US,40.68,-75.22,co-founder,Management,,9.0,3.0,36000.0,0.0,0.0,0,,3/21/2016 15:12,other
1540,bank,,,,,senior expert,Other,Senior,25.0,15.0,80000.0,,21000.0,0,,3/21/2016 15:12,overDecade
1545,linkedin,CA,US,37.41,-122.05,senior software engineer,Software,Senior,2.0,2.0,150000.0,0.0,15000.0,43000,,3/21/2016 15:13,other
1546,tradingtechnologies,,,,,infrastructure engineer,Engineering,,5.0,1.0,85000.0,,16000.0,1000,,3/21/2016 15:13,other
1547,bloomberg,,,,,software developer,Software,,8.0,1.0,85000.0,5000.0,7500.0,0,,3/21/2016 15:13,other
1548,a nonprofit,,,,,web application developer,Web,,3.0,1.0,95000.0,0.0,1000.0,0,,3/21/2016 15:14,other
1551,facebook,,,,,software engineer,Software,,1.0,0.0,125000.0,25000.0,12000.0,25000,"I start this summer, hired out of grad school (MS), counting my 4 internship summers as one year experience. ",3/21/2016 15:14,other
1552,uber,,,,,software engineer ii,Software,2,5.0,1.0,137000.0,0.0,,,,3/21/2016 15:14,other
1553,john hopkins applied physics lab,MD,US,38.0,-97.0,research intern,Other,Intern,1.0,0.0,30.0,0.0,0.0,,Never,3/21/2016 15:14,other
1555,orange county startup,CA,US,38.0,-97.0,front end developer,Web,,2.0,1.0,72500.0,0.0,0.0,0,,3/21/2016 15:14,other
1556,amazon,,,,,sde ii,Software,2,4.0,1.0,140000.0,95000.0,,,,3/21/2016 15:14,other
1557,fruition partners,NY,US,38.0,-97.0,architect,Other,,4.0,2.5,100000.0,0.0,20000.0,0,,3/21/2016 15:14,other
1559,contractor,,,,,software engineer,Software,,10.0,,185000.0,0.0,0.0,0,"Java/Devops Contractor in London, with the typical 500-600 day rate, 6 weeks time off, 7.5 hour days. Translates to about 130K GBP, which at the moment is about 185K USD.",3/21/2016 15:14,other
1561,of colorado,,,,,software engineer,Software,,8.0,4.0,70000.0,0.0,0.0,0,,3/21/2016 15:15,other
1563,ad tech company,,,,,staff software engineer,Software,,9.0,5.0,170000.0,0.0,25000.0,38000?,,3/21/2016 15:16,other
1564,loan company,,CA,60.0,-95.0,training and devolpment,Other,,0.0,2.0,40000.0,0.0,2000.0,0,,3/21/2016 15:16,other
1565,dealer,,,,,technical lead,Software,,12.0,4.0,135000.0,5000.0,15000.0,,,3/21/2016 15:16,overDecade
1566,facebook,,,,,software engineer,Software,,3.0,2.0,145000.0,75000.0,15000.0,50000,,3/21/2016 15:16,other
1568,nordstrom,WA,US,47.61,-122.33,software engineer 3,Software,3,10.0,2.0,130000.0,,,,,3/21/2016 15:17,other
1573,glassdoor,CA,US,37.89,-122.56,lead engineer,Engineering,,8.0,4.0,150000.0,,15000.0,15000,,3/21/2016 15:18,other
1578,crittercism,CA,US,37.77,-122.41,senior engineer,Engineering,Senior,9.0,3.0,135000.0,0.0,6000.0,50000,,3/21/2016 15:19,other
1579,the home depot,TX,US,30.26,-97.74,software engineer,Software,,10.0,1.0,125000.0,5000.0,8.0,,,3/21/2016 15:19,other
1580,us army,MD,US,39.3,-76.61,sap developer,Software,,8.0,4.0,64000.0,0.0,250.0,0,,3/21/2016 15:19,other
1582,microsoft,,,,,sde,Software,,0.0,1.0,105000.0,35000.0,,,,3/21/2016 15:20,other
1583,enterprise software company,,,,,staff engineer,Engineering,,8.0,3.0,165000.0,0.0,0.0,15000,,3/21/2016 15:20,other
1584,huron consulting group,OR,US,45.44,-122.52,senior software engineer,Software,Senior,11.0,,90000.0,0.0,0.0,0,,3/21/2016 15:21,overDecade
1585,brk,,,,,system administrator,Management,,3.0,3.0,32400.0,,2000.0,,,3/21/2016 15:21,other
1587,google,,,,,software engineer,Software,,11.0,4.0,170000.0,30000.0,30000.0,30000,,3/21/2016 15:21,overDecade
1590,kabam,,,,,senior pm,Other,Senior,3.0,2.0,165000.0,10000.0,20000.0,2000,,3/21/2016 15:22,other
1592,hospital,ON,CA,60.0,-95.0,researcher/programmer,Other,,15.0,4.0,65110.0,0.0,0.0,0,,3/21/2016 15:22,overDecade
1594,qualcomm,ON,CA,60.0,-95.0,engineer,Engineering,,3.0,2.0,75000.0,10000.0,3000.0,8000,In Canadian dollars,3/21/2016 15:22,other
1595,fever,,,,,backend engineer,Engineering,,2.0,1.0,35000.0,,,,,3/21/2016 15:22,other
1596,new relic,,,,,senior software engineer,Software,Senior,7.0,2.0,130000.0,0.0,45000.0,,,3/21/2016 15:22,other
1597,small startup,WA,US,47.61,-122.33,software engineer,Software,,3.5,1.5,122500.0,0.0,0.0,0,0.015% equity in stock options,3/21/2016 15:22,other
1598,linkedin,,,,,sr. software engineer,Software,Senior,8.0,4.0,146000.0,15000.0,14000.0,80000,,3/21/2016 15:23,other
1600,ebay,CA,US,37.38,-121.89,mts1,Other,1,11.0,2.0,161000.0,10000.0,10.0,"27,000",,3/21/2016 15:23,overDecade
1601,workday,,,,,web dev,Web,,3.5,3.5,84000.0,1000.0,1500.0,~15000,,3/21/2016 15:23,other
1604,airbnb,,,,,software engineer,Software,,3.0,1.0,110000.0,0.0,0.0,32000,,3/21/2016 15:24,other
1605,hvg,,HU,47.0,20.0,software architect,Software,,6.0,1.5,6000000.0,0.0,0.0,,,3/21/2016 15:24,other
1606,icahn school of medicine at moutn sinai,NY,US,38.0,-97.0,graduate student,Other,,4.0,4.0,33500.0,0.0,0.0,0,Graduate Student. no extra individual fellowship like nsfgrf. subsidized housing (50% market rate),3/21/2016 15:25,other
1607,sap,,,,,senior programmer,Other,Senior,15.0,1.0,105000.0,0.0,20000.0,6000,Amazing benefits,3/21/2016 15:25,overDecade
1609,tapjoy,,,,,engineer,Engineering,,10.0,3.0,129000.0,0.0,20000.0,"10,000",,3/21/2016 15:26,other
1611,wat,,,,,software developer,Software,,1.0,1.0,88000.0,3000.0,0.0,1500,,3/21/2016 15:26,other
1612,the climate,,,,,data engineer ii,Data,2,3.0,2.0,101000.0,,,No,,3/21/2016 15:26,other
1613,hsbc,,,,,barclays,Other,,12.0,2.0,94000.0,0.0,14000.0,0,Amounts in USD,3/21/2016 15:26,overDecade
1614,google,,,,,swe (level 3),Software,,1.0,1.0,110000.0,20000.0,17000.0,70000,,3/21/2016 15:27,other
1618,oracle,,,,,principal,Other,,6.0,10.0,125000.0,0.0,0.0,0,,3/21/2016 15:27,other
1619,jet propulsion lab,CA,US,34.14,-118.13,group supervisor,Other,,26.0,20.0,185000.0,0.0,5000.0,0,,3/21/2016 15:28,overDecade
1620,staples,,,,,jr software engineer,Software,Junior,2.0,1.0,85000.0,10000.0,0.0,0,,3/21/2016 15:28,other
1624,mexican consulting,,MX,23.0,-102.0,full stack developer,Web,,3.0,1.0,17500.0,,,None,,3/21/2016 15:29,other
1625,shutterfly,,,,,systems architect,Other,,10.0,7.0,180000.0,,20000.0,20000,,3/21/2016 15:29,other
1626,state of texas,TX,US,30.26,-97.74,system analyst iii,Data,3,3.0,2.0,65000.0,0.0,0.0,0,I need to get into the private sector - very little stress here though :),3/21/2016 15:30,other
1627,microsoft,,,,,software engineer,Software,,1.0,0.0,106000.0,15000.0,10000.0,20000,,3/21/2016 15:30,other
1629,ur mom,,,,,gigolo,Other,,12.0,12.0,1100000.0,0.0,0.0,50000,,3/21/2016 15:30,overDecade
1631,non-profit research org,,,,,data scientist,Data,,5.0,1.0,97500.0,0.0,0.0,0,,3/21/2016 15:31,other
1633,futureadvisor,,,,,software engineer,Software,,2.5,2.0,110000.0,0.0,0.0,"15,000",,3/21/2016 15:31,other
1635,employer,,,,,job title,Other,,3.0,3.0,30000.0,15.0,5.0,,,3/21/2016 15:31,other
1636,amazon,,,,,software engineer,Software,,6.0,2.0,130000.0,100000.0,0.0,50000,,3/21/2016 15:32,other
1638,series a startup,,,,,director of engineering,Management,,7.0,1.5,80000.0,0.0,,,,3/21/2016 15:32,other
1639,ondeck,,,,,software engineer,Software,,7.0,2.0,116000.0,0.0,11000.0,14000,,3/21/2016 15:32,other
1640,prl,,,,,front-end dev,Web,,6.0,1.5,71100.0,0.0,0.0,0,,3/21/2016 15:32,other
1641,state of ohio,OH,US,39.98,-82.98,software developer 1,Software,1,6.0,4.0,56000.0,0.0,0.0,0,,3/21/2016 15:32,other
1644,ibm,TX,US,38.0,-97.0,software engineer,Software,,1.5,1.5,86000.0,5000.0,0.0,0,,3/21/2016 15:32,other
1645,digital fractal technologies,AB,CA,60.0,-95.0,software developer,Software,,7.0,2.5,59280.0,0.0,0.0,0,,3/21/2016 15:32,other
1646,any,,,,,software engineer,Software,,14.0,3.0,110000.0,0.0,500.0,0,,3/21/2016 15:33,overDecade
1648,washoe county school district,,,,,teacher,Other,,4.0,4.0,38000.0,0.0,0.0,0,Most jobs are poor,3/21/2016 15:33,other
1650,computer security,,,,,software engineer,Software,,3.5,3.5,144000.0,,25000.0,,,3/21/2016 15:33,other
1653,apple,,,,,engineer,Engineering,,3.0,3.0,110000.0,10000.0,10000.0,55000,,3/21/2016 15:34,other
1654,rackspace,,,,,devops,Operations,,11.0,2.0,120000.0,10000.0,0.0,,,3/21/2016 15:34,overDecade
1655,booz allen hamilton,WA,US,38.0,-97.0,"software engineer, level ii",Software,2,,1.5,71000.0,0.0,0.0,0,,3/21/2016 15:34,other
1657,um health system,MI,US,42.27,-83.73,data architect / software developer,Data,,11.0,5.0,95000.0,2000.0,50.0,0,"5+ weeks PTO, 200% 401K match up to 4.5%, 40 hour weeks - no OT",3/21/2016 15:34,overDecade
1660,web media,,,,,software developer,Software,,0.5,0.0,31000.0,0.0,1000.0,0,,3/21/2016 15:35,other
1667,united states digital service,WA,US,38.0,-97.0,digital service expert,Other,,8.0,0.5,126000.0,0.0,0.0,0,,3/21/2016 15:36,other
1668,us army government contractor,MI,US,42.49,-83.02,software engineer iv,Software,4,18.0,2.0,130000.0,3000.0,2500.0,0,,3/21/2016 15:36,overDecade
1669,microsoft,WA,US,47.61,-122.33,software development engineer,Software,,0.0,0.0,106000.0,15000.0,,TBD,Includes usual MSFT benefit package,3/21/2016 15:36,other
1674,american college of surgeons,,,,,administrator,Management,,8.0,1.0,72000.0,0.0,2000.0,0,,3/21/2016 15:37,other
1677,aol,,DE,51.0,9.0,principal software engineer,Software,,12.0,6.0,80000.0,0.0,15.0,6000 USD,,3/21/2016 15:37,overDecade
1681,secret ag,,,,,junior software engineer,Software,Junior,3.0,1.0,92000.0,,6000.0,,,3/21/2016 15:38,other
1683,twitter,,,,,software engineer,Software,,2.0,0.0,108000.0,15000.0,,100000,,3/21/2016 15:39,other
1685,ycs12 startup,,,,,software engineer,Software,,3.0,1.0,120000.0,0.0,0.0,50000,,3/21/2016 15:40,other
1687,humana,FL,US,27.95,-82.48,technology business analyst,Data,,,7.0,60650.0,0.0,0.0,0,,3/21/2016 15:40,other
1688,microsoft,,,,,software engineer ii,Software,2,0.0,4.0,120000.0,50000.0,10000.0,2000,,3/21/2016 15:40,other
1690,accenture,,,,,consultant,Other,,5.0,1.0,85320.0,0.0,12798.0,0,Long hours is the default.,3/21/2016 15:41,other
1692,here,,DE,51.0,9.0,senior software engineer,Software,Senior,5.0,,60000.0,10000.0,6000.0,0,,3/21/2016 15:41,other
1694,unidentified,MD,US,39.3,-76.61,senior software engineer,Software,Senior,11.0,2.0,235000.0,0.0,0.0,0,No benefits,3/21/2016 15:42,overDecade
1695,the guardian,,,,,software engineer,Software,,5.0,1.0,69678.0,0.0,0.0,0,,3/21/2016 15:42,other
1696,amazon,,,,,sde2,Software,2,3.0,5.0,145000.0,20000.0,0.0,35000,,3/21/2016 15:42,other
1697,~50-person startup,MA,US,42.35,-71.06,software engineer,Software,,3.0,3.0,115000.0,0.0,3.0,0,,3/21/2016 15:42,other
1704,fintech,CA,US,37.38,-121.89,systems engineer,Engineering,,9.0,5.0,137500.0,0.0,10.0,"$25,000 ",,3/21/2016 15:45,other
1709,esi,,,,,sr. software engineer,Software,Senior,11.0,2.0,112000.0,0.0,10000.0,0,,3/21/2016 15:47,overDecade
1710,adobe,,,,,quality engineer,Engineering,,3.0,0.5,111360.0,,,420,,3/21/2016 15:47,other
1711,research non-profit,CO,US,40.02,-105.25,software engineer,Software,,20.0,20.0,102000.0,0.0,0.0,0,,3/21/2016 15:47,overDecade
1712,american family insurance,WI,US,43.1,-89.5,data scientist,Data,,2.0,2.0,120000.0,12000.0,6500.0,0,,3/21/2016 15:47,other
1716,amazon,,,,,sde2,Software,2,3.0,3.0,126000.0,25000.0,,60000,,3/21/2016 15:48,other
1717,rvm,NY,US,38.0,-97.0,engineer,Engineering,,6.0,4.0,75000.0,0.0,2500.0,0,,3/21/2016 15:48,other
1718,small co,,,,,lead,Other,,9.0,6.0,236000.0,0.0,10000.0,0,,3/21/2016 15:48,other
1720,gov't contractor,VA,US,38.0,-97.0,software engineer,Software,,5.0,1.0,125000.0,,5000.0,5000,,3/21/2016 15:49,other
1721,old unicorn,,,,,sr. staff engineer,Engineering,Senior,20.0,2.0,190000.0,0.0,72000.0,,,3/21/2016 15:49,overDecade
1722,fidelity,,IE,53.0,-8.0,senior software engineer,Software,Senior,3.0,3.0,45000.0,1500.0,5000.0,0,,3/21/2016 15:49,other
1726,salesforce,,,,,software engineer,Software,,0.0,1.0,81000.0,123000.0,8100.0,,,3/21/2016 15:50,other
1728,halo neuroscience,,,,,engineer,Engineering,,2.0,2.0,82000.0,0.0,0.0,50,,3/21/2016 15:51,other
1729,consumer tech company,,,,,full stack engineer,Web,,1.5,1.5,100000.0,0.0,0.0,5000,,3/21/2016 15:52,other
1730,oracle,CA,US,37.46,-122.24,senior applications engineer,Engineering,Senior,6.0,0.5,134000.0,12500.0,0.0,0,,3/21/2016 15:52,other
1733,general motors,AZ,US,33.32,-111.87,software developer,Software,,1.5,1.5,61000.0,0.0,4.0,0,,3/21/2016 15:53,other
1734,tinal,,,,,it,Other,,10.0,6.0,39500.0,0.0,20.0,0,,3/21/2016 15:53,other
1736,moz,,,,,marketing manager,Management,,,,135000.0,0.0,0.0,,,3/21/2016 15:53,other
1737,microsoft,,,,,program manager,Management,,0.5,0.5,105000.0,50000.0,,,,3/21/2016 15:54,other
1738,the gay nigger assocation of america,CA,US,34.2,-118.54,hnic,Other,,15.0,15.0,250000.0,30000.0,90000.0,100000,,3/21/2016 15:54,overDecade
1739,zillow group,CA,US,33.74,-117.76,software developer,Software,,4.0,1.0,105000.0,2000.0,,1227 RSUs,,3/21/2016 15:54,other
1740,rightscale,,,,,product manager,Management,,3.0,1.0,95000.0,0.0,0.0,0,,3/21/2016 15:54,other
1741,usa company,,ES,40.0,-4.0,software engineer,Software,,7.0,2.0,130000.0,0.0,0.0,0,,3/21/2016 15:54,other
1742,financial,,,,,software developer,Software,,10.0,2.0,170000.0,0.0,145000.0,,,3/21/2016 15:55,other
1746,trendco,CA,US,38.0,-97.0,swe,Software,,3.0,3.0,150.0,100.0,20.0,0,,3/21/2016 15:56,other
1747,docker ecosystem company,,,,,developer evangelist,Software,,3.0,1.0,130000.0,0.0,0.0,0,,3/21/2016 15:57,other
1751,autodesk canada,,CA,60.0,-95.0,software developer,Software,,8.0,4.0,100000.0,5000.0,11000.0,6500,,3/21/2016 15:58,other
1754,startup,,,,,software engineer / data scientist,Data,,2.0,1.0,105000.0,0.0,0.0,180,,3/21/2016 16:00,other
1755,optum rx,,,,,solutions architect,Other,,15.0,2.0,130000.0,0.0,0.0,15000,,3/21/2016 16:00,overDecade
1757,cisco,,,,,software engineer,Software,,4.0,2.0,103000.0,5000.0,5000.0,0,,3/21/2016 16:00,other
1758,omnicom,,,,,senior engineer,Engineering,Senior,10.0,1.0,175000.0,0.0,15000.0,0,,3/21/2016 16:01,other
1759,biotech,,,,,software engineer,Software,,5.0,1.0,61146.0,0.0,6114.6,,"Great working environment, really happy.",3/21/2016 16:01,other
1761,bank of america,,,,,avp,Other,,,,58000.0,,3000.0,,,3/21/2016 16:01,other
1762,practice fusion,,,,,software engineer,Software,,10.0,8.0,115000.0,0.0,0.0,50000,,3/21/2016 16:01,other
1765,bigco,,,,,analyst,Data,,8.0,4.0,120000.0,5000.0,10000.0,0,,3/21/2016 16:03,other
1768,norwegian tax authority,,NO,62.0,10.0,senior systems engineer,Engineering,Senior,17.0,4.0,71000.0,0.0,0.0,0,,3/21/2016 16:04,overDecade
1769,jaguar land rover,,,,,electronic engineer,Engineering,,0.0,1.0,44508.6,2844.0,284.4,å£0,Salary in GBP,3/21/2016 16:04,other
1770,atlassian,,,,,principal product manager,Management,,12.0,8.0,195000.0,0.0,30000.0,20000,,3/21/2016 16:04,overDecade
1771,news org,,,,,senior developer,Software,Senior,13.0,2.0,93000.0,0.0,3000.0,0,,3/21/2016 16:05,overDecade
1774,altschool,,,,,full stack engineer,Web,,2.5,1.5,105000.0,0.0,13000.0,30000,,3/21/2016 16:05,other
1777,microsoft,WA,US,47.68,-122.12,software engineer,Software,,1.5,1.5,114500.0,5000.0,12000.0,12500,"50000 stock vested over 3.5 years at signing. 5000 signing cash, 5000 relocation cash (I moved myself). Got about 5000 in stock vesting over like 7 years this past year.",3/21/2016 16:05,other
1779,evernote,,,,,software engineer,Software,,3.0,1.0,105000.0,0.0,0.0,1000,,3/21/2016 16:06,other
1780,state street,NJ,US,40.35,-74.65,valuations officer / software dev,Software,,11.0,1.0,94000.0,0.0,1.0,0,,3/21/2016 16:07,overDecade
1781,amazon,,,,,sde1,Software,1,0.0,0.0,95000.0,27000.0,,"50,000",,3/21/2016 16:07,other
1786,unity technologies,,DK,56.0,10.0,software developer,Software,,9.0,1.0,74000.0,0.0,0.0,,,3/21/2016 16:08,other
1788,carfax,MO,US,38.0,-97.0,software developer,Software,,3.0,1.0,70000.0,0.0,7000.0,0,,3/21/2016 16:08,other
1789,self,,,,,software engineer,Software,,9.0,3.0,40000.0,0.0,0.0,0,,3/21/2016 16:08,other
1791,tune,WA,US,47.61,-122.33,software engineer 3,Software,3,6.0,2.0,120000.0,0.0,1000.0,1000,,3/21/2016 16:08,other
1792,self,,,,,dev,Other,,15.0,5.0,170640.0,0.0,0.0,0,UK C# Contractor,3/21/2016 16:10,overDecade
1794,wayfair,,,,,lead software engineer,Software,,3.0,3.0,110000.0,0.0,10000.0,10000,,3/21/2016 16:10,other
1796,palantir,,,,,forward deployed engineer,Engineering,,5.0,2.0,150000.0,20000.0,15000.0,25000,stock value = options/year * (FMV-strike),3/21/2016 16:10,other
1800,wells fargo,,,,,lead ux designer,Other,,10.0,2.0,125000.0,7000.0,15.0,,,3/21/2016 16:12,other
1801,vmware,,,,,member of technical staff iii,Other,3,,2.3,127000.0,5000.0,14000.0,,,3/21/2016 16:12,other
1803,kymeta,,,,,software engineer,Software,,,,120000.0,,,,,3/21/2016 16:13,other
1805,public,,ES,40.0,-4.0,programmer,Other,,,,23000.0,,,,,3/21/2016 16:13,other
1809,ibm,,,,,software developer,Software,,3.0,3.0,74000.0,10000.0,500.0,,,3/21/2016 16:15,other
1811,accenture,,,,,technology consultant,Other,,2.0,2.0,105000.0,10000.0,,,,3/21/2016 16:15,other
1814,interana,CA,US,37.46,-122.24,site reliability engineer,Engineering,,5.0,0.5,140000.0,0.0,,,,3/21/2016 16:16,other
1816,ibm,,,,,software develoepr,Software,,2.0,2.0,30000.0,0.0,300.0,0,"Pay is quite shit, but work/life balance and flexibility is amazing.",3/21/2016 16:16,other
1817,demonware,,,,,site reliability engineer,Engineering,,8.0,1.0,112000.0,10000.0,12000.0,0,,3/21/2016 16:18,other
1819,mercury group of companies,,AU,-27.0,133.0,senior .net developer,Software,Senior,16.0,2.0,105000.0,,,,,3/21/2016 16:19,overDecade
1821,edu-tech,,,,,engineer,Engineering,,4.0,2.0,42660.0,,,Meh,,3/21/2016 16:19,other
1823,joyent,,,,,software engineer,Software,,10.0,4.0,70000.0,0.0,0.0,0,,3/21/2016 16:19,other
1826,twitter,,,,,sr enginner,Other,Senior,13.0,1.0,155000.0,,,100000,"Stock value was at time of offer, not now. :-(",3/21/2016 16:20,overDecade
1827,microsoft,,,,,software engineer,Software,,5.0,2.0,108000.0,50000.0,,5000,,3/21/2016 16:20,other
1830,sfr,,FR,46.0,2.0,network engineer,Engineering,,3.0,2.0,40000.0,,5500.0,,,3/21/2016 16:22,other
1831,bw,BC,CA,60.0,-95.0,web developer,Web,,3.0,1.0,60000.0,0.0,300.0,0,,3/21/2016 16:22,other
1832,liberty mutual,NH,US,38.0,-97.0,developer intern,Software,Intern,3.0,1.5,48000.0,0.0,0.0,0,,3/21/2016 16:22,other
1834,nokia,,CA,60.0,-95.0,software designer,Software,,4.0,1.0,56000.0,0.0,0.0,0,,3/21/2016 16:23,other
1837,google,CA,US,37.41,-122.05,software engineer,Software,,6.0,1.0,130000.0,0.0,20000.0,180000,,3/21/2016 16:24,other
1838,emc,,,,,full stack web developer,Web,,20.0,1.0,182000.0,0.0,30000.0,62000,,3/21/2016 16:25,overDecade
1841,synopsys,CA,US,37.41,-122.05,software engineer,Software,,1.0,1.0,97000.0,,10000.0,,,3/21/2016 16:25,other
1848,linkedin,,,,,senior software engineer,Software,Senior,7.0,1.0,165000.0,40000.0,16500.0,100000,,3/21/2016 16:28,other
1853,ibm,,CA,60.0,-95.0,software engineer,Software,,4.0,4.0,75000.0,,4000.0,2000,,3/21/2016 16:29,other
1854,ibm,TX,US,30.26,-97.74,software engineer,Software,,2.0,2.0,82000.0,3000.0,2000.0,0,,3/21/2016 16:29,other
1855,airbnb,,,,,software engineer,Software,,10.0,4.0,185000.0,0.0,0.0,"50,000",,3/21/2016 16:30,other
1856,intuit,,,,,sde co-op,Software,,0.0,0.0,81120.0,7500.0,,,,3/21/2016 16:30,other
1857,dell,,,,,senior developer,Software,Senior,17.0,3.0,130000.0,0.0,11000.0,0,,3/21/2016 16:31,overDecade
1858,j p morgan,,,,,software engineer,Software,,1.0,1.0,48348.0,7110.0,2844.0,0,,3/21/2016 16:31,other
1859,disney interactive,CA,US,34.17,-118.29,software engineer,Software,,4.0,3.0,88000.0,0.0,25000.0,0,"All mid-level engineers and below are hourly so my base is $42 an hour which is 88k/yr, but with overtime I made over 115k.",3/21/2016 16:31,other
1861,local government,,,,,senior it engineer,Engineering,Senior,11.0,9.0,109000.0,,,,,3/21/2016 16:32,overDecade
1862,ford,MI,US,38.0,-97.0,mobile software engineer,Software,,4.0,3.0,82500.0,6000.0,6500.0,0,,3/21/2016 16:33,other
1863,well funded non-profit,WA,US,38.0,-97.0,senior software engineer,Software,Senior,11.0,4.0,146000.0,,2600.0,,,3/21/2016 16:33,overDecade
1864,microsoft,WA,US,47.68,-122.12,program manager,Management,,20.0,10.0,185000.0,185000.0,40000.0,"50,000",,3/21/2016 16:35,overDecade
1865,liaison technologies,GA,US,33.64,-84.39,software engineer,Software,,3.0,1.0,90000.0,,,none,,3/21/2016 16:35,other
1866,groupon,,,,,software engineer 2,Software,2,10.0,2.0,105000.0,10000.0,2000.0,10000,get paid to watch tv,3/21/2016 16:35,other
1867,etsy,NY,US,38.0,-97.0,senior software engineer,Software,Senior,4.5,3.5,135.0,0.0,0.0,3718,,3/21/2016 16:35,other
1871,livefyre,,,,,senior software engineer,Software,Senior,6.0,1.5,145000.0,0.0,0.0,0,,3/21/2016 16:37,other
1873,small consulting firm,TX,US,29.76,-95.38,web developer,Web,,3.0,1.0,56000.0,0.0,0.0,0,"Pretty strict 40 hours a week. Work is much more interesting than a lot of places, and I get a lot of say in tech stack. I am one of only 3 developers total. ",3/21/2016 16:38,other
1876,undisclosed startup (75 people),TX,US,30.26,-97.74,senior full stack engineer,Engineering,Senior,20.0,0.0,130000.0,0.0,0.0,0,,3/21/2016 16:39,overDecade
1877,ericsson,CA,US,37.38,-121.89,system engineer - iv,Engineering,4,9.0,7.0,141000.0,0.0,14000.0,0,,3/21/2016 16:39,other
1879,ibm,,DE,51.0,9.0,it architect mobile solutions,Other,,2.0,2.0,51000.0,0.0,2000.0,0,,3/21/2016 16:40,other
1880,google,,,,,software engineer,Software,,4.0,4.0,130500.0,,25000.0,"100,000",,3/21/2016 16:40,other
1883,abc.xyz,,,,,architect,Other,,25.0,3.0,130000.0,20000.0,0.0,0,,3/21/2016 16:42,overDecade
1884,varagesale,ON,CA,60.0,-95.0,senior software developer,Software,Senior,8.0,0.25,120000.0,0.0,0.0,0,,3/21/2016 16:42,other
1885,ibm canada,,,,,band 7 software engineer,Software,,1.5,1.5,68940.0,10000.0,1500.0,0,,3/21/2016 16:42,other
1887,google,NY,US,38.0,-97.0,web developer,Web,,3.0,7.0,103000.0,0.0,15000.0,2000,,3/21/2016 16:43,other
1888,general dynamics mission systems,PA,US,40.35,-79.9,software engineer,Software,,20.0,7.0,140000.0,0.0,0.0,0,,3/21/2016 16:44,overDecade
1889,amazon,WA,US,47.61,-122.33,software developer engineer ii,Software,2,15.0,2.0,130000.0,40000.0,0.0,"15,000",,3/21/2016 16:44,overDecade
1891,contractor,,,,,software developer,Software,,3.0,1.0,184860.0,,,,"As a contractor my pay varies, but I'm typically paid å£500-600 a day",3/21/2016 16:44,other
1892,mid sized silicon valley startup,CA,US,37.38,-122.01,software engineer,Software,,4.0,1.0,140000.0,10000.0,28000.0,,,3/21/2016 16:44,other
1895,mathworks,MA,US,42.35,-71.06,software engineer,Software,,3.0,3.0,90000.0,5000.0,10000.0,0,,3/21/2016 16:46,other
1896,cisco,MA,US,38.0,-97.0,software engineer ii,Software,2,0.0,1.0,85000.0,0.0,0.0,20000,,3/21/2016 16:46,other
1897,paypal,,,,,member of technical staff,Other,,10.0,2.0,146000.0,15000.0,14600.0,"45,000",,3/21/2016 16:46,other
1900,a security company,GA,US,33.64,-84.39,devops engineer,Engineering,,10.0,3.0,78000.0,0.0,0.0,0,,3/21/2016 16:47,other
1901,facebook,,,,,engineering manager,Management,,4.0,4.0,230000.0,25000.0,50000.0,750000,,3/21/2016 16:47,other
1902,a video game company,,PL,52.0,20.0,front-end web developer,Web,,2.0,2.0,17000.0,,,,,3/21/2016 16:47,other
1904,of california,,,,,graduate student researcher,Other,,,,28359.0,0.0,0.0,0,,3/21/2016 16:48,other
1905,a research institute,,DE,51.0,9.0,postdoc,Other,,8.0,4.0,50000.0,0.0,0.0,0,,3/21/2016 16:48,other
1906,iheartradio,NY,US,40.71,-73.99,software engineer,Software,,1.5,1.0,100000.0,0.0,17000.0,0,No annual raise process,3/21/2016 16:49,other
1907,the climate,,,,,software engineer 2,Software,2,2.0,2.0,120000.0,5000.0,0.0,20000,,3/21/2016 16:50,other
1911,jamdeo canada,,CA,60.0,-95.0,android application developer,Software,,4.0,2.0,88000.0,0.0,8800.0,0,,3/21/2016 16:51,other
1913,dev shop using ms stack,,IE,53.0,-8.0,scrum master,Other,,5.0,1.5,67500.0,0.0,300.0,0,,3/21/2016 16:52,other
1914,motum b2b,,,,,web developer,Web,,5.0,3.0,52000.0,0.0,4000.0,0,,3/21/2016 16:52,other
1915,google,,,,,senior software engineer,Software,Senior,4.0,4.0,140000.0,0.0,30000.0,70000,,3/21/2016 16:52,other
1917,ai startup,,,,,r&d engineer,Engineering,,3.0,1.0,110000.0,,,68000,,3/21/2016 16:53,other
1919,b2b saas co.,UT,US,40.75,-111.9,software developer,Software,,4.0,3.0,78000.0,0.0,0.0,,,3/21/2016 16:54,other
1922,anon,CA,US,33.99,-118.39,associate applications engineer,Engineering,,1.0,0.0,110000.0,,,,,3/21/2016 16:54,other
1925,xyz,WA,US,47.68,-122.12,ceo,Management,,15.0,,240000.0,0.0,0.0,0,,3/21/2016 16:56,overDecade
1926,jp morgan,NY,US,38.0,-97.0,application developer,Software,,,,110000.0,10000.0,20000.0,6000,,3/21/2016 16:56,other
1929,epic systems,WI,US,42.98,-89.53,software developer,Software,,0.0,1.0,100000.0,,,,,3/21/2016 16:57,other
1931,appdynamics,,,,,senior software engineer,Software,Senior,10.0,1.0,175000.0,0.0,20000.0,100000,,3/21/2016 16:58,other
1935,nyc startup,,,,,full stack + android dev,Web,,4.0,2.0,100000.0,,,,,3/21/2016 17:00,other
1936,,,,,,robotics engineer,Engineering,,3.0,3.0,93000.0,0.0,6000.0,,,3/21/2016 17:00,other
1938,self-employeed,NY,US,38.0,-97.0,principal consultant,Other,,15.0,8.0,290000.0,0.0,0.0,0,,3/21/2016 17:01,overDecade
1939,mlb advanced media,NY,US,38.0,-97.0,front end developer,Web,,3.0,0.0,105000.0,0.0,5.0,,,3/21/2016 17:01,other
1940,appdynamics,,,,,software engineer 1,Software,1,1.0,1.0,110000.0,40000.0,,,,3/21/2016 17:01,other
1941,startup in la serving fortune 500,CA,US,33.99,-118.39,ux designer / front-end developer,Web,,5.0,1.0,90000.0,0.0,0.0,0,,3/21/2016 17:01,other
1942,video game studio,,,,,senior software engineer,Software,Senior,9.0,6.0,120000.0,0.0,0.0,0,,3/21/2016 17:02,other
1943,akamai,MA,US,42.35,-71.06,software engineer,Software,,2.0,2.0,115000.0,30000.0,11500.0,25000,Signing bonus and annual stock are both RSUs,3/21/2016 17:02,other
1945,spawar,,,,,computer scientist,Software,,14.0,8.0,92000.0,5000.0,0.0,0,AKA Space and Naval Warfare Systems Center/SSC Pacific/Navy,3/21/2016 17:02,overDecade
1946,amazon,CA,US,33.74,-117.76,software engineer,Software,,8.0,4.0,160000.0,10000.0,,40000,,3/21/2016 17:03,other
1949,startup,NY,US,38.0,-97.0,software engineer,Software,,3.0,2.0,110000.0,0.0,0.0,,,3/21/2016 17:05,other
1950,apple,CA,US,38.0,-97.0,firmware engineer,Engineering,,,,105000.0,25000.0,30000.0,50000,Bonus based on overtime,3/21/2016 17:06,other
1952,tripadvisor,MA,US,42.28,-71.24,software engineer,Software,,0.0,0.0,105000.0,10000.0,,~17000,,3/21/2016 17:06,other
1954,emc,,,,,senior software development engineer,Software,Senior,5.0,4.0,100000.0,10000.0,10000.0,5000,,3/21/2016 17:08,other
1955,amazon,,,,,sde 1,Software,1,0.0,0.0,95000.0,27000.0,20000.0,"25,000 3rd and 4th year",,3/21/2016 17:08,other
1956,twitter,,,,,sre 1,Other,1,3.0,0.0,125000.0,10000.0,,12500,,3/21/2016 17:08,other
1958,health benefits startup,MA,US,42.35,-71.06,software engineer,Software,,,,85000.0,,,,,3/21/2016 17:09,other
1959,microsoft,,,,,software engineer,Software,,3.0,2.0,119320.0,25000.0,,2400,"+$19,642/yr in benefits, according to HR's estimate",3/21/2016 17:10,other
1962,miller instruments,BC,CA,60.0,-95.0,calibration technician,Other,,,,36000.0,,,,,3/21/2016 17:11,other
1963,google,,,,,software engineer,Software,,1.0,0.0,110000.0,15000.0,0.0,45000,Just graduating,3/21/2016 17:12,other
1964,twitter,,,,,sr software engineer,Software,Senior,9.0,3.0,175000.0,0.0,0.0,300000,,3/21/2016 17:13,other
1966,six to start,,,,,software engineer,Software,,5.0,1.0,42000.0,0.0,0.0,0,,3/21/2016 17:13,other
1967,apple,,,,,architect,Other,,15.0,1.0,188000.0,35000.0,28000.0,42000,,3/21/2016 17:14,overDecade
1969,200 emp software company,,,,,software engineer,Software,,9.0,5.0,175000.0,,15000.0,50000 (non liquid),,3/21/2016 17:15,other
1972,ibm,OH,US,39.98,-82.98,advisory software engineer,Software,,32.0,11.0,111000.0,0.0,1200.0,0,,3/21/2016 17:16,overDecade
1974,elastic,,PR,18.25,-66.5,software engineer,Software,,6.0,1.0,100000.0,5000.0,,9,,3/21/2016 17:18,other
1976,yahoo,CA,US,37.38,-122.01,software systems development engineer,Software,,4.0,2.0,126000.0,12000.0,8000.0,12000,,3/21/2016 17:19,other
1977,fireeye,,,,,devops engineer,Engineering,,10.0,1.7,108000.0,0.0,10000.0,4000,,3/21/2016 17:19,other
1982,e-commerce provider,,,,,development lead,Software,,14.0,8.0,98000.0,0.0,6000.0,0,,3/21/2016 17:22,overDecade
1983,ibm,TX,US,32.79,-96.76,ruby on rails developer,Software,,10.0,1.0,130000.0,0.0,5.0,,,3/21/2016 17:23,other
1985,amazon,,,,,software development engineer ii,Software,2,3.0,3.0,100000.0,50000.0,0.0,40000,,3/21/2016 17:24,other
1987,google,,,,,site reliability engineer,Engineering,,1.0,1.0,110000.0,15000.0,22000.0,46000,L3,3/21/2016 17:25,other
1988,okta,CA,US,37.77,-122.41,*operational role*,Other,,10.0,3.0,125000.0,0.0,0.0,5k shares,Pay significantly below researched market rate,3/21/2016 17:25,other
1989,google,,,,,software engineer (swe iii),Software,,8.0,1.0,150000.0,40000.0,22500.0,130000,,3/21/2016 17:26,other
1990,hudl,NE,US,38.0,-97.0,software engineer,Software,,3.0,2.0,90000.0,0.0,4500.0,,,3/21/2016 17:28,other
1991,dun & bradstreet,TX,US,30.26,-97.74,customer support technician,Other,,5.0,5.0,47000.0,,,,,3/21/2016 17:29,other
1993,mit bcs,MA,US,42.35,-71.06,graduate student,Other,,14.0,5.0,30000.0,0.0,0.0,0,,3/21/2016 17:30,overDecade
1994,moneylion,,,,,software engineer,Software,,10.0,1.0,32524.0,0.0,0.0,0,,3/21/2016 17:30,other
1995,small startup,,,,,data scientist,Data,,1.0,1.0,90000.0,0.0,0.0,,,3/21/2016 17:30,other
1996,stripe,,,,,software engineer,Software,,2.0,2.0,160000.0,,,500000,,3/21/2016 17:30,other
1998,leonteq securities ag,,,,,software engineer,Software,,8.0,1.0,130000.0,,,,,3/21/2016 17:31,other
1999,higher learning technology,IA,US,38.0,-97.0,software engineer,Software,,15.0,2.0,130000.0,0.0,0.0,0,,3/21/2016 17:32,overDecade
2001,google,CA,US,37.41,-122.05,swe,Software,,2.0,2.0,160000.0,0.0,24000.0,40000,,3/21/2016 17:32,other
2002,twitter,,,,,software engineer,Software,,8.0,1.5,210000.0,0.0,0.0,"$400,000 ",,3/21/2016 17:33,other
2004,startup medical devices,,,,,senior software engineer,Software,Senior,18.0,1.0,165000.0,0.0,0.0,0,,3/21/2016 17:34,overDecade
2005,jaguar land rover,OR,US,45.44,-122.52,software engineer,Software,,8.0,2.0,95000.0,,13000.0,,,3/21/2016 17:34,other
2008,lyft,,,,,tech lead,Software,,6.0,1.0,170000.0,0.0,0.0,100000,,3/21/2016 17:35,other
2009,webcme,,,,,web developer,Web,,10.0,3.0,30000.0,0.0,0.0,0,,3/21/2016 17:35,other
2010,micrsoft,,,,,principle software engineer,Software,,10.0,2.0,175000.0,100000.0,30000.0,75000,,3/21/2016 17:36,other
2011,insurance company,,,,,software developer,Software,,3.0,0.5,62000.0,,6000.0,,,3/21/2016 17:36,other
2015,government,,,,,ee,Other,,2.0,1.0,102000.0,0.0,0.0,0,,3/21/2016 17:37,other
2016,bob,,,,,manager,Management,,12.0,10.0,120000.0,0.0,0.0,0,,3/21/2016 17:38,overDecade
2017,b2b startup,,,,,software engineer,Software,,15.0,3.0,200000.0,0.0,50000.0,30000,,3/21/2016 17:39,overDecade
2018,ibm,,,,,application owner,Other,,5.0,1.0,40000.0,,,,,3/21/2016 17:39,other
2020,facebook,NY,US,40.71,-73.99,executive assistant,Management,,10.0,5.0,40.0,,10000.0,"20,000",,3/21/2016 17:39,other
2024,vanderbilt  medical center,,,,,systems software specialist,Software,,4.0,4.0,57000.0,0.0,0.0,0,,3/21/2016 17:41,other
2026,microsoft,,,,,sr. architect,Other,Senior,30.0,3.0,180000.0,,,,,3/21/2016 17:44,overDecade
2027,too small to say,,AU,-27.0,133.0,software engineer,Software,,6.0,0.0,99190.0,,,,,3/21/2016 17:44,other
2029,expedia,,,,,software developer,Software,,2.0,2.0,70000.0,,,,,3/21/2016 17:44,other
2030,freelance,NY,US,38.0,-97.0,designer/developer,Software,,10.0,10.0,100000.0,0.0,50000.0,0,,3/21/2016 17:45,other
2031,aol,,,,,software engineer,Software,,2.0,1.0,73500.0,,7350.0,,,3/21/2016 17:45,other
2033,amazon,,,,,system engineer,Engineering,,4.0,1.0,85000.0,14000.0,,,,3/21/2016 17:46,other
2035,accenture,,PH,13.0,122.0,associate manager,Management,,4.0,2.0,34500.0,,,-,,3/21/2016 17:47,other
2036,smartthings,,,,,senior software engineer,Software,Senior,11.0,1.0,140000.0,0.0,28000.0,0,,3/21/2016 17:47,overDecade
2039,carbonite,,,,,software engineer,Software,,3.0,2.0,90000.0,8000.0,9000.0,20000,,3/21/2016 17:48,other
2040,insight,AZ,US,38.0,-97.0,security engineer,Engineering,,10.0,8.0,99480.0,0.0,1.0,None,,3/21/2016 17:48,other
2042,ui programmer,,AR,-34.0,-64.0,php developer,Software,,7.0,0.5,900.0,,,,,3/21/2016 17:49,other
2043,enernoc,BC,CA,60.0,-95.0,software engineer,Software,,1.0,1.0,61000.0,0.0,2000.0,0,,3/21/2016 17:49,other
2044,etsy,,,,,software engineer,Software,,5.0,0.75,115000.0,0.0,0.0,4000,,3/21/2016 17:49,other
2045,random company,,,,,senior devops,Operations,Senior,5.0,3.0,28800.0,0.0,0.0,0,,3/21/2016 17:50,other
2050,google,,,,,software engineer,Software,,2.0,1.0,110000.0,7000.0,16500.0,46000,,3/21/2016 17:52,other
2052,freelance,,,,,web development consultant,Web,,7.0,2.0,30.0,0.0,0.0,0,,3/21/2016 17:52,other
2056,cerner,KS,US,38.0,-97.0,java contractor,Other,,13.0,1.0,170000.0,0.0,0.0,0,contract developer,3/21/2016 17:54,overDecade
2061,multinational in fmcg,,ES,40.0,-4.0,security manager,Management,,15.0,1.0,70000.0,7000.0,,,,3/21/2016 17:56,overDecade
2062,hpe,,,,,tech lead,Software,,22.0,1.0,3700000.0,,,,,3/21/2016 17:57,overDecade
2063,anonymous,NY,US,38.0,-97.0,software engineer,Software,,4.0,1.0,120000.0,5000.0,,"15,000",,3/21/2016 17:57,other
2064,microsoft,WA,US,47.68,-122.12,pm ii,Other,2,2.0,2.0,124000.0,0.0,10000.0,20000,,3/21/2016 17:58,other
2065,p tech,,,,,exec,Management,,11.0,1.0,275000.0,,20.0,na,,3/21/2016 17:58,overDecade
2066,choice hotels,AZ,US,33.53,-111.89,software engineer 3,Software,3,10.0,3.0,110000.0,2000.0,0.0,4000,,3/21/2016 17:59,other
2067,power utility,,NZ,-41.0,174.0,systems engineer,Engineering,,6.0,6.0,100000.0,0.0,0.0,0,,3/21/2016 18:00,other
2069,saas company,FL,US,27.75,-82.64,software developer,Software,,3.0,1.0,44000.0,0.0,0.0,1% stock,,3/21/2016 18:00,other
2070,amazon,,,,,web development engineer,Web,,6.0,1.0,95000.0,15000.0,0.0,"10,000",,3/21/2016 18:00,other
2071,sessionm,,,,,software engineer,Software,,3.0,1.0,90000.0,,,4000 Shares,,3/21/2016 18:00,other
2072,intuit,CA,US,37.41,-122.05,software engineer,Software,,1.0,1.0,102.0,10.0,12000.0,15000,I'm technically hourly @ $49/hour + overtime,3/21/2016 18:01,other
2075,public internet co,,,,,software engineer,Software,,14.0,1.0,175000.0,20000.0,0.0,150000,,3/21/2016 18:01,overDecade
2076,microsoft,,,,,software engineer,Software,,1.0,0.0,106000.0,5000.0,,60000,,3/21/2016 18:02,other
2077,chevron,TX,US,29.76,-95.38,geoscientific software developer,Software,,11.0,4.0,140000.0,12000.0,15000.0,0,,3/21/2016 18:02,overDecade
2078,fast enterprises,CO,US,38.0,-97.0,implementation consultant,Other,,2.0,0.0,80000.0,6000.0,5000.0,0,,3/21/2016 18:02,other
2079,apple,,,,,senior software engineer,Software,Senior,9.0,1.0,160000.0,0.0,10000.0,50000,,3/21/2016 18:03,other
2081,audience,,,,,senior software engineer,Software,Senior,5.0,3.0,700000.0,0.0,0.0,0,,3/21/2016 18:04,other
2082,small company,GA,US,33.64,-84.39,software engineer,Software,,3.0,3.0,80000.0,3000.0,5000.0,,,3/21/2016 18:04,other
2083,finra,WA,US,38.0,-97.0,data scientist,Data,,5.0,0.0,130000.0,8000.0,10.0,,This was an offer I just turned down to stay a contractor (wife has awesome benefits),3/21/2016 18:05,other
2084,psg tecnologia ltda,,BR,-10.0,-55.0,analista de sistemas,Other,,3.0,3.0,36276.0,0.0,3023.0,0,Values in BRL,3/21/2016 18:05,other
2085,deloitte,,,,,sse,Other,,15.0,1.0,95000.0,5000.0,0.0,0,Signing bonus weaveable,3/21/2016 18:05,overDecade
2086,fuze,MA,US,38.0,-97.0,support level 2,Other,2,3.0,1.0,43000.0,0.0,0.0,,,3/21/2016 18:06,other
2087,google,CA,US,37.41,-122.05,senior software engineer,Software,Senior,11.0,11.0,190000.0,7000.0,30000.0,150000,,3/21/2016 18:07,overDecade
2091,safeguard properties,OH,US,41.47,-81.67,linux engineer,Engineering,,10.0,1.0,87000.0,,,,,3/21/2016 18:08,other
2096,tripadvisor,,SG,1.37,103.8,senior data scientist,Data,Senior,3.0,1.0,85000.0,0.0,15.0,33000,,3/21/2016 18:10,other
2100,the new york times,,,,,senior software developer,Software,Senior,5.0,3.0,88000.0,,4000.0,None,No christmas party either,3/21/2016 18:12,other
2101,fei systems,MD,US,38.74,-76.85,developer,Software,,7.0,3.0,120000.0,0.0,3000.0,0,,3/21/2016 18:12,other
2102,a networking startup,,,,,software engineer,Software,,3.5,2.5,116000.0,0.0,0.0,1000-3000,,3/21/2016 18:12,other
2105,inmobi,,,,,tech lead,Software,,8.0,4.0,3500000.0,0.0,500000.0,,,3/21/2016 18:13,other
2108,mindera,,PT,39.5,-8.0,software engineer,Software,,4.0,1.0,23000.0,,7000.0,,,3/21/2016 18:14,other
2109,amazon,,,,,software development engineer i,Software,1,0.75,0.75,95000.0,27000.0,20000.0,15000,,3/21/2016 18:15,other
2110,businessolver,IA,US,41.57,-93.61,sr. developer,Software,Senior,20.0,2.0,115000.0,0.0,5000.0,0,No annual compensation adjustments,3/21/2016 18:16,overDecade
2116,national instruments,TX,US,30.26,-97.74,software engineer,Software,,3.0,3.0,70000.0,0.0,0.0,0,,3/21/2016 18:18,other
2122,queensland government,,AU,-27.0,133.0,senior technical consultant,Other,Senior,9.0,5.0,84500.0,,,,,3/21/2016 18:20,other
2123,indiegogo,CA,US,37.77,-122.41,software engineer,Software,,2.0,2.0,120000.0,5000.0,,,,3/21/2016 18:21,other
2124,telecommunications software supplier,,,,,"senior manager, delivery",Management,Senior,15.0,10.0,145000.0,0.0,20.0,0,,3/21/2016 18:21,overDecade
2125,pra health science,KS,US,38.88,-94.81,mgr of it 1,Other,1,5.0,1.0,115000.0,0.0,11500.0,0,,3/21/2016 18:21,other
2126,bank,,,,,software engineer,Software,,5.0,0.5,85000.0,0.0,3000.0,0,,3/21/2016 18:22,other
2134,symantec,,,,,sr devops,Operations,Senior,18.0,5.0,162000.0,,13000.0,4900,,3/21/2016 18:26,overDecade
2135,mozilla,,CA,60.0,-95.0,staff software engineer,Software,,10.0,5.0,125000.0,10000.0,55000.0,,currency in CAD,3/21/2016 18:26,other
2136,asdfasdf,,,,,checkitman,Other,,5.0,4.0,10000.0,,,,checkit,3/21/2016 18:26,other
2138,nyt,,,,,software engineer,Software,,1.0,1.0,100250.0,0.0,5000.0,0,,3/21/2016 18:27,other
2139,blackrock,NY,US,38.0,-97.0,vice president,Management,,7.0,7.0,125000.0,,36000.0,,,3/21/2016 18:27,other
2140,pre-series-b transportation startup,,,,,data engineer,Data,,3.0,0.5,82500.0,1000.0,15000.0,0,28-years old; self-taught python programmer,3/21/2016 18:27,other
2142,uber,CA,US,37.77,-122.41,software engineer i,Software,1,6.0,2.0,130000.0,0.0,50000.0,435000,,3/21/2016 18:28,other
2144,google,PA,US,40.35,-79.9,software engineer ii,Software,2,2.0,1.0,97000.0,10000.0,15000.0,46000,,3/21/2016 18:29,other
2146,riot games,CA,US,33.99,-118.39,software engineer,Software,,4.0,2.0,85000.0,0.0,0.0,60000,,3/21/2016 18:31,other
2147,freelancer,,,,,"software developer (python, javascript)",Software,,,,107000.0,,,,,3/21/2016 18:31,other
2148,a salesforce consulting firm,NY,US,38.0,-97.0,technical architect,Other,,2.5,2.5,115000.0,0.0,11500.0,0,,3/21/2016 18:32,other
2154,google,,,,,classified,Other,,10.0,7.0,600000.0,0.0,100000.0,Classified,,3/21/2016 18:36,other
2157,charity,,AU,-27.0,133.0,development manager,Management,,17.0,3.0,98000.0,0.0,0.0,0,,3/21/2016 18:37,overDecade
2158,~30 person saas business,,,,,architect,Other,,18.0,0.0,125895.0,0.0,0.0,0,Base pay excludes superannuation.,3/21/2016 18:38,overDecade
2159,facebook,CA,US,37.45,-122.17,software engineer,Software,,6.0,6.0,205000.0,5000.0,50000.0,160000,,3/21/2016 18:38,other
2160,atlassian,,,,,senior developer,Software,Senior,11.0,1.0,106000.0,106000.0,10.0,,,3/21/2016 18:38,overDecade
2162,intercontinental exchange,GA,US,33.64,-84.39,senior software developer,Software,Senior,12.0,,120000.0,30000.0,24000.0,"$24,000 ",,3/21/2016 18:39,overDecade
2165,bloomberg lp,NE,US,38.0,-97.0,senior software engineer,Software,Senior,10.0,2.0,170.0,0.0,30.0,0,,3/21/2016 18:41,other
2167,23andme,UT,US,40.75,-111.9,senior bioinformatician,Other,Senior,5.0,1.0,125000.0,5000.0,12500.0,,,3/21/2016 18:44,other
2173,starbucks,,,,,senior systems engineer,Engineering,Senior,12.0,2.0,112000.0,0.0,13000.0,2000,,3/21/2016 18:46,overDecade
2174,starbucks,,,,,senior systems engineer,Engineering,Senior,12.0,2.0,112000.0,0.0,13000.0,2000,,3/21/2016 18:46,overDecade
2177,local startup,MI,US,42.27,-83.73,project manager,Management,,3.0,1.0,90000.0,0.0,10000.0,0,,3/21/2016 18:48,other
2178,twitter,,,,,senior software engineer,Software,Senior,8.0,3.0,160000.0,,,20k RSUs over 4 years,,3/21/2016 18:49,other
2181,facebook,,,,,software engineer,Software,,1.0,1.0,105000.0,50000.0,10000.0,25000,,3/21/2016 18:50,other
2184,simple,NY,US,38.0,-97.0,security engineer,Engineering,,5.0,1.0,130000.0,0.0,50.0,0,,3/21/2016 18:53,other
2186,google,,,,,software engineer iii (level 4),Software,,3.0,2.0,139000.0,5000.0,30000.0,58000,,3/21/2016 18:53,other
2188,startup-ish,CA,US,37.38,-121.89,member of technical staff,Other,,2.0,2.0,135000.0,15000.0,,,,3/21/2016 18:54,other
2189,unicorn,NY,US,38.0,-97.0,staff engineer,Engineering,,10.0,4.0,210000.0,0.0,0.0,~.1% over 4 years,,3/21/2016 18:54,other
2190,consulting startup ~20p,CA,US,37.77,-122.41,software engineer,Software,,5.0,0.5,90000.0,3000.0,0.0,0.075,,3/21/2016 18:54,other
2191,honestbee,,SG,1.37,103.8,senior software engineer,Software,Senior,5.5,1.0,66000.0,0.0,0.0,0,,3/21/2016 18:55,other
2192,tc,,,,,software engineer,Software,,6.0,6.0,28000.0,0.0,28000.0,0,,3/21/2016 18:55,other
2194,apple,CA,US,38.0,-97.0,ceo,Management,,30.0,18.0,10280000.0,,,50000000,,3/21/2016 18:57,overDecade
2195,google,MA,US,38.0,-97.0,software engineer iii,Software,3,7.0,4.0,130000.0,0.0,30000.0,70000,,3/21/2016 18:58,other
2199,ibm,KS,US,38.0,-97.0,software engineer,Software,,3.0,3.0,84000.0,0.0,0.0,0,,3/21/2016 18:59,other
2201,microsoft,,,,,sde i,Software,1,1.0,1.0,105000.0,20000.0,10.0,15000,,3/21/2016 18:59,other
2203,id.me,VA,US,38.86,-77.05,software engineer,Software,,2.0,1.0,70000.0,0.0,0.0,2k shares 4 year vest,I have a BS in EE but did a coding bootcamp in summer of 2014.,3/21/2016 19:00,other
2204,statuspage.io,CO,US,39.82,-105.1,developer,Software,,5.0,1.0,205000.0,15000.0,,15%,,3/21/2016 19:01,other
2205,conae,,AR,-34.0,-64.0,saocom ground segment & operations manager,Management,,11.0,3.0,32900.0,0.0,0.0,0,Converted from AR$ to USD using an exchange rate of 15 AR$/USD,3/21/2016 19:01,overDecade
2206,bc hydro,BC,CA,60.0,-95.0,engineer-in-training,Engineering,,3.0,1.5,45.96,0.0,0.0,0,Not involved with software dev or traditional HN 'tech'.,3/21/2016 19:01,other
2207,google,,,,,sre swe,Software,Senior,7.0,3.0,131.0,20000.0,20000.0,100000,,3/21/2016 19:03,other
2211,autodesk,,CN,35.0,105.0,senior software engineer,Software,Senior,2.0,1.0,34000.0,0.0,3000.0,0,,3/21/2016 19:06,other
2213,filament,WI,US,43.1,-89.5,game engineer,Engineering,,1.0,1.0,45000.0,0.0,0.0,0,,3/21/2016 19:08,other
2215,microsoft,WA,US,47.68,-122.12,software developer i,Software,1,0.0,1.0,105000.0,0.0,20.0,"$50,000 vested over 3 years","New grad at top 10 school on Forbes, also received $5k relocation ",3/21/2016 19:09,other
2218,sanfrancisco unicorn,,,,,principal engineer,Engineering,,13.0,4.0,185000.0,0.0,0.0,125000,,3/21/2016 19:10,overDecade
2221,iag,,,,,developer,Software,,10.0,3.0,97000.0,0.0,5000.0,0,,3/21/2016 19:11,other
2222,small fintech startup,WA,US,47.61,-122.33,technical lead,Software,,12.0,2.0,144000.0,0.0,0.0,0,"First employee, awarded 2.5% of company in initial stock options, got another 1% after 2 years",3/21/2016 19:11,overDecade
2223,news & media,WA,US,38.0,-97.0,sr developer,Software,Senior,10.0,1.0,125000.0,2000.0,,,,3/21/2016 19:11,other
2224,amazon,,,,,sde i,Software,1,1.0,1.0,80000.0,15000.0,,15000,"Relocation 13k, second year bonus 10k ",3/21/2016 19:12,other
2226,fundingcircle,CA,US,37.77,-122.41,software engineer,Software,,1.0,0.5,105000.0,0.0,,8000 Shares,,3/21/2016 19:12,other
2227,paychex,,,,,data analyst,Data,,5.0,4.0,38000.0,0.0,1300.0,0,,3/21/2016 19:12,other
2228,pre-series a hardware startup,,,,,hardware engineer,Engineering,,6.0,0.0,85000.0,0.0,0.0,20000,,3/21/2016 19:14,other
2232,montreal startup (10 employees 5+ years),,CA,60.0,-95.0,vp architecture,Management,,10.0,5.0,75000.0,0.0,0.0,10000,,3/21/2016 19:17,other
2234,mitre,WA,US,38.0,-97.0,systems engineer 4,Engineering,4,8.0,2.0,123000.0,,,,,3/21/2016 19:19,other
2235,microsoft,,,,,software development engineer,Software,,0.0,0.0,106000.0,20000.0,15000.0,40000,New Grad Hire,3/21/2016 19:19,other
2237,oracle,,,,,project lead,Other,,9.0,5.0,1400000.0,0.0,0.0,68000,,3/21/2016 19:19,other
2238,google,,,,,software engineer 2,Software,2,1.0,1.0,108000.0,25000.0,5000.0,50000,,3/21/2016 19:20,other
2242,epic systems,WI,US,43.1,-89.5,software developer,Software,,0.0,2.3,114.0,10000.0,10000.0,,,3/21/2016 19:21,other
2243,knewton,NY,US,40.71,-73.99,software engineering manager,Management,,9.0,3.0,160000.0,0.0,0.0,"$45,000/yr @ Series E Valuation",,3/21/2016 19:22,other
2244,a small web application shop,,NZ,-41.0,174.0,full stack developer,Web,,5.0,1.0,80000.0,0.0,0.0,0,"Really transparent, flat pay structure. I have the same salary as the owner. 
Unlimited flexibility, great work/life balance, lots of autonomy; Half the team including myself is remote.",3/21/2016 19:23,other
2245,yahoo,,,,,senior sde,Software,Senior,5.0,1.0,168000.0,0.0,15000.0,30000,,3/21/2016 19:23,other
2246,six flags entertainment,TX,US,32.69,-97.01,web designer,Web,,6.0,1.0,50000.0,,,0,,3/21/2016 19:24,other
2247,factset,CT,US,41.09,-73.42,software engineer,Software,,0.0,1.0,90000.0,5000.0,0.0,10000,,3/21/2016 19:25,other
2248,zenefits,,,,,software engineer,Software,,5.0,1.0,130000.0,,,,,3/21/2016 19:26,other
2252,uber,,,,,senior software engineer,Software,Senior,7.0,0.5,175000.0,0.0,,"$300,000 ",,3/21/2016 19:28,other
2253,enbridge,,CA,60.0,-95.0,contract software developer,Software,,16.0,1.0,69.0,0.0,0.0,0,,3/21/2016 19:28,overDecade
2255,intraix,,SG,1.37,103.8,software architect,Software,,1.0,1.0,3700.0,0.0,0.0,0,nil,3/21/2016 19:29,other
2256,dell,,,,,software dev principal engineer,Software,,11.0,11.0,118000.0,,15000.0,3000,,3/21/2016 19:29,overDecade
2259,shopify,,CA,60.0,-95.0,software developer,Software,,0.0,0.0,75000.0,0.0,0.0,"25,000",New Grad,3/21/2016 19:31,other
2261,ibm,NY,US,38.0,-97.0,senior consultant,Other,Senior,3.0,3.0,92000.0,7000.0,500.0,0,"Don't work for IBM. Terrible place to work, awful culture. They're actively trying to turn it around, but it's not worth waiting for that to happen. Look elsewhere.",3/21/2016 19:31,other
2262,tv broadcast station,IL,US,41.85,-87.65,web developer,Web,,6.0,1.5,81000.0,,,,mostly php/jquery,3/21/2016 19:32,other
2267,iscs,,,,,implementation engineer,Engineering,,0.0,0.1,70000.0,0.0,0.0,0,,3/21/2016 19:33,other
2268,ibm,OH,US,38.0,-97.0,advisory engineer,Engineering,,15.0,1.0,120000.0,5000.0,1200.0,,,3/21/2016 19:33,overDecade
2269,b2w digital,,,,,devops,Operations,,13.0,1.0,30000.0,0.0,0.0,0,,3/21/2016 19:34,overDecade
2270,lancaster general hospital,PA,US,40.01,-76.16,it helpdesk,Other,,2.0,1.0,31000.0,0.0,0.0,0,,3/21/2016 19:34,other
2271,digital blend,WA,US,47.61,-122.33,senior developer,Software,Senior,10.0,5.0,50000.0,0.0,2000.0,0,,3/21/2016 19:35,other
2273,contractor,,,,,frontend web developer,Web,,7.0,3.0,85000.0,0.0,500.0,0,Converted to CAD using the long-term USD/CAD average over the duration of my contract so far,3/21/2016 19:35,other
2274,federal government,WA,US,38.0,-97.0,computer scientist,Software,,6.0,5.0,83000.0,0.0,0.0,0,,3/21/2016 19:35,other
2275,google,,,,,chief research engineer,Engineering,,13.0,4.0,267000.0,242000.0,48000.0,"182,000",,3/21/2016 19:36,overDecade
2276,qerja,,,,,r&d intern,Other,Intern,0.0,0.3,156000000.0,0.0,0.0,0,,3/21/2016 19:36,other
2277,guidewire software,CA,US,37.55,-122.26,devops engineer,Engineering,,10.0,0.0,160000.0,5000.0,10.0,15000,Less than a year at position,3/21/2016 19:37,other
2278,epri,TN,US,38.0,-97.0,senior project manager,Management,Senior,12.0,10.0,115000.0,0.0,19000.0,0,,3/21/2016 19:37,overDecade
2280,ecommerce,OR,US,38.0,-97.0,software engineer,Software,,12.0,3.5,150000.0,0.0,0.0,0,,3/21/2016 19:39,overDecade
2281,new york times,NY,US,40.71,-73.99,web developer,Web,,16.0,1.0,10600.0,5000.0,15900.0,,,3/21/2016 19:39,overDecade
2283,integra,WA,US,48.46,-122.6,support engineer,Engineering,,6.0,3.0,45000.0,0.0,500.0,0,,3/21/2016 19:42,other
2285,johns hopkins  applied physics laboratory,MD,US,39.09,-76.85,software developer,Software,,1.6,1.5,74500.0,0.0,0.0,0,,3/21/2016 19:42,other
2291,braintree,,,,,senior software engineer,Software,Senior,7.0,3.5,145000.0,5000.0,15000.0,20000,Other Chicago Salaries are low; lots of jobs here paying more than they would lead you to believe.,3/21/2016 19:45,other
2293,self,,,,,musician,Other,,8.0,2.0,0.0,0.0,0.0,0,,3/21/2016 19:46,other
2296,seven west media,,AU,-27.0,133.0,data analyst,Data,,1.0,1.0,62000.0,0.0,6000.0,0,,3/21/2016 19:48,other
2297,of california riverside,,,,,graduate student,Other,,,2.5,17000.0,0.0,0.0,0,"yup, poor grad student.",3/21/2016 19:48,other
2299,target,,,,,junior dev,Other,Junior,0.0,0.0,75000.0,1000.0,3000.0,0,,3/21/2016 19:49,other
2300,captricity,CA,US,37.72,-122.2,full stack developer,Web,,4.0,3.0,120000.0,0.0,0.0,0,,3/21/2016 19:49,other
2301,adroll,,,,,data scientist,Data,,3.0,1.5,150000.0,30000.0,30000.0,15000,,3/21/2016 19:49,other
2302,twitter,,,,,staff reliability engineer,Engineering,,8.0,4.0,153000.0,10000.0,,20000,,3/21/2016 19:49,other
2303,unitedhealth group,MI,US,38.0,-97.0,junior java developer,Software,Junior,1.0,1.0,58000.0,0.0,0.0,0,,3/21/2016 19:49,other
2304,tinder,,,,,data scientist,Data,,1.5,1.0,112500.0,5000.0,,,,3/21/2016 19:50,other
2305,b2b company,,,,,software engineer,Software,,11.0,0.75,130000.0,15000.0,0.0,0,,3/21/2016 19:50,overDecade
2306,harman connected services,,,,,will reveal my identity,Other,,8.0,1.0,1200000.0,0.0,0.0,0,none,3/21/2016 19:50,other
2307,new relic,OR,US,45.44,-122.52,senior software engineer,Software,Senior,10.0,2.0,120000.0,0.0,20000.0,,,3/21/2016 19:51,other
2308,oracle,,AU,-27.0,133.0,senior system administrator,Management,Senior,7.0,1.0,72485.0,0.0,0.0,0,,3/21/2016 19:52,other
2310,csra,VA,US,38.86,-77.05,business analyst intern,Data,Intern,2.0,1.0,44000.0,0.0,0.0,0,Paid hourly but salary is based off of 2000hrs/yr,3/21/2016 19:53,other
2311,csra,VA,US,38.86,-77.05,business analyst intern,Data,Intern,2.0,1.0,44000.0,0.0,0.0,0,Paid hourly but salary is based off of 2000hrs/yr,3/21/2016 19:53,other
2314,google,,,,,senior software engineer,Software,Senior,8.0,2.5,156800.0,3000.0,48000.0,40000,bc7722fb17b0f827fcfcf27c9a49bdec39afed68,3/21/2016 19:55,other
2318,crosschx,OH,US,39.98,-82.98,software engineer,Software,,4.0,1.0,75000.0,0.0,0.0,0,,3/21/2016 19:57,other
2319,turnpost,,,,,digital media developer,Software,,15.0,4.0,58000.0,0.0,1000.0,0,,3/21/2016 19:57,overDecade
2323,yelp,,,,,swe,Software,,2.0,2.0,130000.0,10000.0,0.0,12500,,3/21/2016 20:00,other
2324,everlane,,,,,software engineer,Software,,3.0,1.0,105000.0,0.0,0.0,0,,3/21/2016 20:01,other
2327,orchard platform,,,,,software engineer,Software,,15.0,1.0,150000.0,0.0,0.0,10000,,3/21/2016 20:01,overDecade
2329,microsoft,,,,,software development engineer ii,Software,2,9.0,4.0,171000.0,0.0,25000.0,35000,,3/21/2016 20:02,other
2330,ardx,,,,,developer,Software,,3.0,3.0,48500.0,0.0,1500.0,0,I'm underpaid.,3/21/2016 20:03,other
2331,faithlife,WA,US,48.73,-122.48,software engineer,Software,,2.0,2.0,75000.0,0.0,0.0,0,,3/21/2016 20:03,other
2333,salesforce,,,,,senior member of technical staff,Other,Senior,3.0,3.0,125000.0,20000.0,18750.0,20000,,3/21/2016 20:04,other
2337,cisco,CA,US,33.99,-118.39,it engineer,Engineering,,15.0,2.0,125000.0,0.0,15000.0,0,,3/21/2016 20:05,overDecade
2338,zillow group,,,,,sr. developer,Software,Senior,10.0,,165000.0,20000.0,,,,3/21/2016 20:07,other
2340,demandbase,,,,,software engineer,Software,,2.5,1.0,117000.0,5000.0,8000.0,4000,,3/21/2016 20:10,other
2341,conf,,,,,business development,Software,,0.0,1.0,50000.0,0.0,0.0,1%,,3/21/2016 20:11,other
2342,oregon state,OR,US,44.63,-123.27,linux systems administrator,Management,,8.0,4.0,72000.0,5000.0,0.0,0,,3/21/2016 20:11,other
2343,microsoft,,,,,software engineer ii,Software,2,5.0,2.0,119000.0,5000.0,9000.0,4000,,3/21/2016 20:13,other
2344,electronic arts,,,,,technical director,Management,,15.0,11.0,210000.0,,70000.0,,Stock grants not annual @EA,3/21/2016 20:13,overDecade
2345,qualcomm10,CO,US,40.02,-105.25,staff engineer,Engineering,,10.0,5.0,120000.0,8000.0,5000.0,30000,,3/21/2016 20:13,other
2346,microsoft,,IN,20.0,77.0,software engineer,Software,,1.5,0.8,22310.0,2230.0,4460.0,3000,"In india we get paid very little anyway in comparison to other countries, cheap labor or what not",3/21/2016 20:14,other
2347,cerner,KS,US,39.1,-94.62,system engineer,Engineering,,2.0,2.0,61000.0,0.0,3.0,1%,,3/21/2016 20:15,other
2348,apple,CA,US,37.3,-122.09,software engineer,Software,,0.0,0.0,112000.0,34000.0,,25000,,3/21/2016 20:16,other
2351,amazon development center,,IN,20.0,77.0,software development engineer,Software,,1.0,1.0,1200000.0,500000.0,0.0,â_1000000,Signing bonus is â_300000 for first year and â_200000 for the second year,3/21/2016 20:18,other
2352,plangrid,,,,,software engineer,Software,,2.0,1.0,120000.0,0.0,0.0,"5,000",,3/21/2016 20:18,other
2353,microsoft,WA,US,47.68,-122.12,program manager 2,Management,2,3.0,3.0,120000.0,10000.0,16000.0,10000,,3/21/2016 20:18,other
2354,visa,,,,,sr software engineer,Software,Senior,3.0,1.0,120000.0,20000.0,30000.0,15000,,3/21/2016 20:18,other
2358,deloitte,WA,US,38.0,-97.0,federal analytics consultant,Other,,0.0,0.0,70000.0,10000.0,5000.0,,,3/21/2016 20:21,other
2360,,,,,,senior sw engineer,Engineering,Senior,18.0,0.5,140000.0,,,,"no overtime, ever. 4w annual vacation",3/21/2016 20:23,overDecade
2361,self,CA,US,38.0,-97.0,consultant,Other,,20.0,7.0,80000.0,,,,,3/21/2016 20:23,overDecade
2362,vndirect,,VN,16.17,107.83,software engineer,Software,,4.0,1.0,6400.0,,,,I'm a contractor.,3/21/2016 20:23,other
2363,direxion,NY,US,38.0,-97.0,trader,Other,,2.0,2.0,65000.0,0.0,25000.0,0,,3/21/2016 20:25,other
2365,accenture,IL,US,40.47,-88.97,senior business analyst,Data,Senior,6.0,6.0,70000.0,,2000.0,,,3/21/2016 20:25,other
2367,startup,NY,US,38.0,-97.0,"founder, cto",Management,,5.0,1.0,40000.0,,,,,3/21/2016 20:26,other
2372,google,,,,,software engineeer iii,Software,3,4.0,1.0,135000.0,0.0,20000.0,68000,,3/21/2016 20:27,other
2374,ibm jti,,,,,application developer,Software,,0.0,1.0,7500000.0,0.0,0.0,0,hehe,3/21/2016 20:27,other
2375,credit processing industry,MI,US,42.38,-83.1,systems engineer,Engineering,,14.0,1.0,120000.0,,,,,3/21/2016 20:27,overDecade
2378,mid-size startup,,,,,software engineer,Software,,0.5,1.5,100000.0,0.0,10.0,approx. $25k,This company has a likely chance of being acquired at a set price so stock value is a bit more tangible than many startups,3/21/2016 20:29,other
2379,perforce,,,,,software developer,Software,,25.0,4.0,135000.0,0.0,10000.0,,,3/21/2016 20:31,overDecade
2380,google,,,,,swe,Software,,3.0,2.0,130000.0,500000.0,45000.0,70000,,3/21/2016 20:32,other
2381,google,,,,,software engineer,Software,,2.5,1.0,123000.0,0.0,25000.0,40000,,3/21/2016 20:32,other
2382,intel,OR,US,45.52,-122.85,software engineer,Software,,4.0,4.0,103000.0,0.0,10000.0,3500,,3/21/2016 20:32,other
2385,pariveda solutions,,,,,consultant 2,Other,2,5.0,2.0,77000.0,0.0,0.0,0,,3/21/2016 20:35,other
2387,flow international,,,,,mechanical engineer,Engineering,,4.0,3.0,69000.0,0.0,0.0,0,,3/21/2016 20:36,other
2395,optum,MN,US,38.0,-97.0,software developer,Software,,12.0,,101000.0,0.0,8500.0,2000,,3/21/2016 20:40,overDecade
2397,oracle,IL,US,41.85,-87.65,senior sales consultant,Other,Senior,10.0,5.0,106000.0,0.0,50000.0,0,3/5 of calculated bonus is in Overtime pay,3/21/2016 20:41,other
2398,kapow,IL,US,41.85,-87.65,software engineer,Software,,4.0,1.5,100000.0,0.0,2500.0,0,,3/21/2016 20:41,other
2400,ecommerce company,,,,,software engineer ii,Software,2,2.0,1.0,120500.0,10000.0,12000.0,10000,negotiated up,3/21/2016 20:43,other
2405,mid-sized startup,CA,US,38.0,-97.0,software engineer,Software,,0.0,0.0,109200.0,10000.0,0.0,Value is currently difficult to estimate,,3/21/2016 20:47,other
2406,bae systems,MA,US,42.35,-71.06,"burlington, ma",Other,,10.0,1.0,90.0,,,,,3/21/2016 20:48,other
2413,amazon,,,,,sde2,Software,2,8.0,8.0,5000000.0,,,,,3/21/2016 20:54,other
2418,samsung,,,,,software engineer staff 1,Software,1,10.0,4.0,140000.0,,28000.0,,,3/21/2016 20:59,other
2421,google,,,,,software engineer ii,Software,2,1.0,1.0,114500.0,15000.0,15000.0,45000,,3/21/2016 21:03,other
2423,zappos,,,,,product analyst,Data,,3.0,1.0,70000.0,,,,,3/21/2016 21:03,other
2430,microsoft,WA,US,47.68,-122.12,software engineer,Software,,1.0,1.0,112500.0,15000.0,,15000,,3/21/2016 21:07,other
2431,facebook,NY,US,38.0,-97.0,software engineer,Software,,3.0,1.0,220000.0,100000.0,100000.0,300000,,3/21/2016 21:07,other
2432,ondeck,,,,,data scientist,Data,,1.0,1.0,100000.0,0.0,5000.0,5000,That FB stock ...,3/21/2016 21:08,other
2434,google,,,,,software engineer,Software,,8.0,8.0,250000.0,,75000.0,"800,000",,3/21/2016 21:09,other
2436,microsoft,WA,US,47.68,-122.12,software engineer ii,Software,2,,,122000.0,50000.0,15000.0,5000,,3/21/2016 21:12,other
2437,microsoft,WA,US,47.68,-122.12,software engineer,Software,,1.5,1.5,110000.0,5000.0,15000.0,10000,,3/21/2016 21:14,other
2438,health startup,,,,,senior software engineer,Software,Senior,11.0,1.0,155000.0,0.0,0.0,0,,3/21/2016 21:14,overDecade
2440,tab,,,,,software engineer contractor,Software,,10.0,1.0,190000.0,,,,,3/21/2016 21:16,other
2441,google,,,,,software engineer,Software,,10.0,2.0,160000.0,25000.0,30000.0,100000,,3/21/2016 21:17,other
2442,google,NY,US,38.0,-97.0,software engineer,Software,,15.0,0.5,132000.0,0.0,20000.0,50000,,3/21/2016 21:17,overDecade
2443,disney,,,,,senior systems engineer,Engineering,Senior,10.0,1.0,125000.0,20000.0,1500.0,4000,,3/21/2016 21:19,other
2444,google,,,,,software engineer,Software,,,,160000.0,,30000.0,100000,Rounded,3/21/2016 21:19,other
2448,startup,,,,,software engineer,Software,,3.0,1.0,97000.0,0.0,0.0,0,,3/21/2016 21:22,other
2449,thoughtworks,,IN,20.0,77.0,application developer,Software,,9.0,1.0,30500.0,0.0,0.0,0,Sucks,3/21/2016 21:25,other
2450,comsip,,,,,icaps,Other,,2.0,2.0,35.0,,4.0,,,3/21/2016 21:26,other
2452,series a - startup,,,,,web lead engineer,Web,,,5.0,165000.0,0.0,10000.0,I will tell you when there is a liquidity event,,3/21/2016 21:27,other
2453,bigcommerce,,,,,software engineer 2,Software,2,5.0,2.0,159500.0,0.0,0.0,30000,,3/21/2016 21:27,other
2455,hft,,,,,software engineer,Software,,6.0,0.5,160000.0,20000.0,40000.0,,,3/21/2016 21:27,other
2456,finance,,,,,technical development manager,Management,,10.0,1.0,141000.0,,600.0,,,3/21/2016 21:27,other
2458,twilio,,,,,director,Management,,5.0,2.0,190000.0,0.0,0.0,"100,000",,3/21/2016 21:28,other
2459,amazon web services,,,,,software development engineer 2,Software,2,5.0,3.0,130000.0,20000.0,,40000,,3/21/2016 21:29,other
2461,-----,NY,US,38.0,-97.0,software developer,Software,,6.0,2.5,90000.0,0.0,5000.0,0,This is a Non-Profit Organization,3/21/2016 21:30,other
2462,marketing agency,TX,US,30.26,-97.74,product manager / project manager,Management,,12.0,1.0,115000.0,0.0,17250.0,0,Bonus based on performance... but also informal sales quota.  I have to be involved with project sales to earn a bonus.,3/21/2016 21:32,overDecade
2464,teespring,,,,,software engineer,Software,,8.0,2.0,125.0,,,,,3/21/2016 21:36,other
2467,amazon,,,,,sde1,Software,1,2.0,2.0,57516.0,17255.0,0.0,7189,Quantities are converted to USD,3/21/2016 21:38,other
2468,yumbles,,CY,35.0,33.0,customer service,Other,,5.0,0.0,12000.0,0.0,0.0,0,Bad pay bad atmosphere avoid,3/21/2016 21:38,other
2469,small startup,,,,,support engineer,Engineering,,2.0,1.0,75000.0,0.0,0.0,0,"Something like 35,000 worthless RSUs",3/21/2016 21:39,other
2470,ge,LA,US,30.06,-89.93,software engineer,Software,,2.0,2.0,64000.0,0.0,0.0,0,,3/21/2016 21:39,other
2472,fintech,CA,US,37.77,-122.41,devops,Operations,,6.0,1.0,140000.0,10000.0,,,,3/21/2016 21:40,other
2475,yumbles,,CY,35.0,33.0,marketing manager,Management,,3.0,0.0,18000.0,0.0,0.0,0,Say no,3/21/2016 21:42,other
2476,paypal,,,,,android developer (soft eng ii),Software,,2.0,2.0,100000.0,2000.0,5000.0,10%,,3/21/2016 21:42,other
2478,pariveda solutions,WA,US,38.0,-97.0,consultant 2,Other,2,1.5,1.5,77000.0,5000.0,0.0,,,3/21/2016 21:42,other
2479,tiny grant-funded company,,,,,software engineer,Software,,10.0,2.0,128000.0,0.0,0.0,0,,3/21/2016 21:43,other
2480,square,,,,,software engineer,Software,,10.0,1.5,150000.0,0.0,,15000,,3/21/2016 21:44,other
2481,google,,,,,test engineer,Engineering,,3.0,2.0,126000.0,0.0,25000.0,"30,000",,3/21/2016 21:45,other
2482,oracle,,,,,architect,Other,,20.0,1.0,175000.0,0.0,0.0,25000,Pays the bills - Huge Bureaucracy,3/21/2016 21:45,overDecade
2483,carnegie mellon,PA,US,40.35,-79.9,research programmer,Other,,3.0,3.0,65000.0,0.0,0.0,0,,3/21/2016 21:45,other
2487,amazon,,,,,sde i,Software,1,2.0,2.0,92000.0,20000.0,0.0,"Initial grant of 53K vesting 5%, 15%, then 20% each 6 months",,3/21/2016 21:47,other
2488,housing,,,,,devops engineer,Engineering,,2.5,1.0,21027.0,0.0,0.0,0,Good work culture,3/21/2016 21:47,other
2489,mid size,,,,,senior software engineer,Software,Senior,8.0,2.5,140000.0,0.0,14000.0,0,stock option is kinda worthless i'm now finding out,3/21/2016 21:47,other
2491,browserstack,,IN,20.0,77.0,software developer,Software,,1.0,1.0,1500000.0,,,,,3/21/2016 21:48,other
2492,google,,,,,program manager,Management,,4.0,2.0,110000.0,5000.0,19000.0,20000,,3/21/2016 21:48,other
2493,amazon,,,,,game developer,Software,,8.0,0.0,130000.0,0.0,30000.0,,"30k bonus year 1, 25k year 2, RSUs after.",3/21/2016 21:49,other
2494,netflix,CA,US,37.22,-121.99,senior software engineer,Software,Senior,10.0,2.0,330000.0,,,,,3/21/2016 21:49,other
2497,google,CA,US,37.41,-122.05,software engineer,Software,,6.0,1.0,155000.0,50000.0,24000.0,150000,,3/21/2016 21:50,other
2498,major bank,WA,US,38.0,-97.0,senior software engineer,Software,Senior,5.0,1.0,135000.0,10000.0,13000.0,"4,000",,3/21/2016 21:51,other
2501,facebook,NY,US,38.0,-97.0,software engineer,Software,,2.0,2.0,140000.0,75000.0,25000.0,60000,,3/21/2016 21:52,other
2502,microsoft,,,,,sde,Software,,2.0,1.0,225000.0,20000.0,,RMB: 50k,,3/21/2016 21:52,other
2508,walmart,,,,,software engineer,Software,,3.0,1.0,110000.0,10000.0,17000.0,20000,,3/21/2016 21:57,other
2512,davanti consulting,,NZ,-41.0,174.0,senior consultant (salesforce.com developer),Software,Senior,4.0,1.0,50000.0,,5000.0,,,3/21/2016 21:59,other
2516,shyp,CA,US,37.77,-122.41,engineer,Engineering,,,,145000.0,5000.0,,,,3/21/2016 22:01,other
2518,boeing,,,,,aerospace engineer,Engineering,,5.0,4.0,95000.0,0.0,4000.0,0,,3/21/2016 22:03,other
2519,netflix,,,,,sr software engineer,Software,Senior,10.0,2.0,400000.0,,,,,3/21/2016 22:03,other
2522,us navy,,,,,computer scientist,Software,,3.0,3.0,58000.0,5000.0,1000.0,0,DP3-1550,3/21/2016 22:04,other
2523,zoho,,,,,project manager,Management,,4.0,1.0,900000.0,0.0,75000.0,0,,3/21/2016 22:05,other
2527,qualcomm,,IN,20.0,77.0,associate engineer,Engineering,,1.5,1.5,14000.0,2250.0,,2500,,3/21/2016 22:06,other
2528,time warner cable,TX,US,38.0,-97.0,network engineer 2,Engineering,2,4.0,2.0,66000.0,0.0,4100.0,0,,3/21/2016 22:07,other
2530,startup,,,,,product manager,Management,,3.0,1.5,89000.0,0.0,16000.0,"5,000",,3/21/2016 22:07,other
2531,facebook,,,,,software engineer,Software,,4.0,1.0,128000.0,25000.0,12000.0,150000,,3/21/2016 22:07,other
2532,walmart,,,,,staff engineer,Engineering,,19.0,7.0,164000.0,0.0,33000.0,60000,,3/21/2016 22:08,overDecade
2533,acuta,,RU,60.0,100.0,security testing engineer,Engineering,,2.0,1.0,7950.0,,,,Russia,3/21/2016 22:09,other
2534,driveu,,IN,20.0,77.0,platform engineer,Engineering,,2.0,0.0,13530.0,0.0,,,Toxic work environment. Heavy hierarchy. I'm not surprised there's no Signing Bonus or Annual Bonus.,3/21/2016 22:09,other
2536,weishen industrial pvt ltd,,SG,1.37,103.8,operation execurive,Management,,5.0,3.5,32000.0,0.0,0.0,0,,3/21/2016 22:12,other
2537,payments product startup,,IN,20.0,77.0,software engineer,Software,,3.0,0.5,,,,,,3/21/2016 22:12,other
2538,bloomreach,,IN,20.0,77.0,software engineer,Software,,6.0,,40000.0,,5000.0,,,3/21/2016 22:13,other
2539,cisco,,,,,software engineer,Software,,1.5,1.5,110000.0,15000.0,22000.0,36000,,3/21/2016 22:14,other
2540,google,,,,,software engineer,Software,,2.0,0.0,115000.0,0.0,17000.0,46000,,3/21/2016 22:14,other
2544,amazon,,,,,sde,Software,,7.0,5.0,125000.0,,,,,3/21/2016 22:22,other
2547,amazon,,,,,software development engineer ii,Software,2,3.5,3.5,113000.0,39000.0,,48111,,3/21/2016 22:24,other
2549,unnamed hardware startup,,,,,electrical design engineer,Engineering,,6.0,1.0,150000.0,,,0.50%,,3/21/2016 22:26,other
2550,ibm watson,,,,,software engineer,Software,,1.0,1.0,87000.0,5000.0,500.0,0,"They match my 401K up to 5%. For more senior employees, 6%.",3/21/2016 22:27,other
2551,series b startup,,,,,software engineer,Software,,15.0,3.5,160000.0,0.0,30000.0,,"Got large option grant to start; no refresher grants; $35,000/year salary increase since starting",3/21/2016 22:27,overDecade
2555,manulife,,SG,1.37,103.8,data scientist,Data,,7.0,0.0,123000.0,2200.0,20000.0,0,,3/21/2016 22:28,other
2556,netapp,,,,,mts iv,Other,4,10.0,2.0,157000.0,5000.0,12000.0,4800,,3/21/2016 22:28,other
2557,box,CA,US,37.46,-122.24,staff software engineer,Software,,11.0,2.0,210000.0,100000.0,0.0,"50,000",,3/21/2016 22:29,overDecade
2560,gaming startup 50 employees,,,,,product manager,Management,,4.0,1.0,100000.0,0.0,0.0,8000,Very annoyed about the company's culture of asking all employees to take a pay cut...not sure if I negotiated poorly or if it's just the nature of the gaming industry,3/21/2016 22:31,other
2565,thoughtworks,,IN,20.0,77.0,application developer,Software,,3.5,3.5,10000.0,0.0,0.0,0,It sucks big time !! Lesser experienced people in not so great companies earn much more :(,3/21/2016 22:35,other
2568,economic consulting,CA,US,38.0,-97.0,economist,Other,,1.0,1.0,200000.0,50000.0,25000.0,0,,3/21/2016 22:36,other
2569,intel,,,,,swe,Software,,0.0,1.0,90000.0,7000.0,5.0,0,,3/21/2016 22:37,other
2571,microsoft,,,,,senior software engineet,Software,Senior,8.0,1.0,180000.0,15000.0,30000.0,"10,000",,3/21/2016 22:39,other
2574,own,,,,,consultant,Other,,10.0,3.0,100000.0,0.0,20000.0,0,,3/21/2016 22:43,other
2575,mozilla,,,,,senior software engineer,Software,Senior,8.0,4.5,125000.0,10000.0,50000.0,0,,3/21/2016 22:43,other
2576,llnl,,,,,computer scientist (ses.4),Applied Science,,14.0,6.0,182000.0,0.0,2700.0,0,,3/21/2016 22:44,overDecade
2579,twitter,,,,,software engineer ii,Software,2,4.0,0.0,115000.0,0.0,11000.0,22500,,3/21/2016 22:45,other
2580,veritas llc,,,,,principal software engineer,Software,,15.0,11.0,132000.0,0.0,8000.0,0,,3/21/2016 22:46,overDecade
2584,amazon,,,,,software development engineer ii,Software,2,8.0,2.0,167000.0,25000.0,,25000,,3/21/2016 22:50,other
2585,sncf,,FR,46.0,2.0,embedded systems developer,Software,,6.0,1.0,25000.0,,,,Okay salary for france and low level degree,3/21/2016 22:50,other
2587,self,,,,,ios freelance,Other,,9.0,2.0,260000.0,0.0,0.0,0,,3/21/2016 22:52,other
2588,cal fire,CA,US,38.58,-121.49,systems software specliast i,Software,1,11.0,0.0,82000.0,0.0,0.0,0,,3/21/2016 22:53,overDecade
2590,gameforge,,DE,51.0,9.0,lead developer,Software,,15.0,,72000.0,0.0,0.0,0,,3/21/2016 22:54,overDecade
2593,justin.tv,,,,,communist sympathizer engineer,Engineering,,7.0,3.0,140.0,10.0,10.0,200,,3/21/2016 22:56,other
2594,raytheon,,,,,electrical engineer,Engineering,,0.0,1.0,74000.0,0.0,0.0,0,,3/21/2016 22:57,other
2595,50 person startup,,,,,senior software engineer,Software,Senior,7.0,4.0,180000.0,20000.0,0.0,5000,,3/21/2016 22:58,other
2600,google,,,,,software engineer,Software,,1.0,1.0,136.0,10.0,20.0,40,,3/21/2016 23:04,other
2603,apple,,,,,software engineer,Software,,5.0,1.0,160000.0,30000.0,12000.0,100000,,3/21/2016 23:07,other
2604,lawrence livermore national laboratory,CA,US,37.68,-121.75,computer scientist,Software,,3.75,3.75,128500.0,5000.0,0.0,0%,"401(k): 100% match up to 6%, plus 3.5% whether or not I contribute anything",3/21/2016 23:08,other
2605,series c startup,,,,,software engineer,Software,,1.0,1.0,109000.0,,,250000+,"Got stock option at series A level, now worth 1m+",3/21/2016 23:11,other
2608,google,,,,,se (level 4),Other,,2.0,1.0,145000.0,30000.0,15.0,68000,PhD degree,3/21/2016 23:14,other
2609,amazon,WA,US,47.61,-122.33,sdet,Software,,1.5,1.5,92000.0,,,,,3/21/2016 23:14,other
2612,~20 person startup,,,,,software engineer,Software,,0.0,0.0,85000.0,0.0,0.0,,,3/21/2016 23:20,other
2613,hired,CA,US,37.77,-122.41,product engineer,Engineering,,3.0,0.0,135000.0,0.0,0.0,20000,,3/21/2016 23:20,other
2614,kalibrr,,PH,13.0,122.0,product designer,Other,,4.0,1.0,10000.0,0.0,1000.0,0,,3/21/2016 23:21,other
2616,ge digital,CA,US,37.76,-121.93,software business operations analyst,Data,,3.0,1.0,95000.0,10000.0,,,,3/21/2016 23:22,other
2619,boeing,WA,US,47.61,-122.33,devops - it rotation program,Other,,2.0,2.0,72000.0,5000.0,4000.0,,"No Stock Options, but great 401k match(if you're into that kind of thing)",3/21/2016 23:24,other
2620,government,,GR,39.0,22.0,forensic examiner,Other,,6.0,4.0,22176.0,0.0,0.0,0,,3/21/2016 23:26,other
2621,cisco,,,,,it engineer,Engineering,,2.5,2.5,88000.0,10000.0,4400.0,0,,3/21/2016 23:27,other
2623,techlogix,,PK,30.0,70.0,software engineer,Software,,1.0,1.0,600000.0,,,,,3/21/2016 23:29,other
2625,facebook,,,,,production engineer,Engineering,,3.0,2.0,140000.0,10000.0,10.0,35000,,3/21/2016 23:30,other
2626,secret,,,,,software developer,Software,,16.0,16.0,40500.0,0.0,0.0,0,,3/21/2016 23:32,overDecade
2627,broadcom,,,,,firmware engineer,Engineering,,4.0,4.0,95000.0,4500.0,10000.0,10000,,3/21/2016 23:33,other
2631,sioux embedded systems,,NL,52.5,5.75,senior software engineer,Software,Senior,3.0,3.0,41000.0,0.0,0.0,0,,3/21/2016 23:37,other
2632,amazon,,,,,sde ii,Software,2,4.0,1.5,105000.0,60000.0,,90000,,3/21/2016 23:38,other
2633,fred,,,,,feather stacker,Other,,23.0,12.0,10000.0,4600.0,2000.0,2380,test,3/21/2016 23:42,overDecade
2634,ram,,,,,sr. software eng.,Software,Senior,3.0,3.0,52000.0,5200.0,1400.0,12500,,3/21/2016 23:42,other
2635,voicempower,,,,,software developer,Software,,6.0,3.0,11000.0,,,,,3/21/2016 23:44,other
2636,juniper networks,CA,US,37.38,-122.01,software engineer,Software,,6.0,5.0,120000.0,10000.0,17000.0,0,,3/21/2016 23:44,other
2637,ibm research africa,,KE,1.0,38.0,software application developer,Software,,2.0,1.5,14000.0,0.0,0.0,0,IBM treats local developers like shit,3/21/2016 23:48,other
2638,freshdesk,,,,,product developer,Software,,4.0,0.25,16543.0,,,,don't know much about stocks,3/21/2016 23:48,other
2639,test,,,,,testy,Other,,8.0,5.0,60000.0,1000.0,1000.0,,,3/21/2016 23:49,other
2642,fpt software,,VN,16.17,107.83,software developer,Software,,1.0,1.0,3400.0,,,,3rd world slavery,3/21/2016 23:54,other
2643,linkedin,,,,,sr software engineer,Software,Senior,8.0,1.0,165000.0,25.0,8800.0,75000,,3/21/2016 23:55,other
2644,grab,,SG,1.37,103.8,product manager,Management,,3.0,1.0,90000.0,2000.0,15000.0,5000,,3/21/2016 23:56,other
2646,amazon,,,,,sde ii,Software,2,15.0,3.0,87000.0,8000.0,,32000,,3/21/2016 23:57,overDecade
2649,twitter,,,,,software engineer ii,Software,2,3.0,2.0,155000.0,,,75000,,3/21/2016 23:58,other
2650,apple,,,,,software engineering manager,Management,,10.0,2.0,160000.0,100000.0,20000.0,,,3/21/2016 23:58,other
2653,atlassian,,,,,senior software engineer,Software,Senior,6.0,1.0,155000.0,0.0,75000.0,25000,,3/22/2016 0:01,other
2655,gumtree,,,,,software engineer,Software,,15.0,5.0,118026.0,,7110.0,"å£5,000",,3/22/2016 0:02,overDecade
2658,series b startup,,,,,engineer,Engineering,,7.0,1.0,170000.0,0.0,0.0,0.10%,,3/22/2016 0:06,other
2660,employer,,,,,job title *,Other,,1.0,1.0,1000.0,100.0,100.0,100,,3/22/2016 0:06,other
2661,amazon,WA,US,47.61,-122.33,software development engineer (sde i),Software,,1.0,1.0,100000.0,25000.0,,"25,000",,3/22/2016 0:06,other
2663,kimetrica,,,,,software developer,Software,,5.0,2.0,6031.04,,,None,,3/22/2016 0:07,other
2665,dr.agarwals eye hospital,,,,,vice president,Management,,3.0,1.0,240000.0,0.0,20000.0,2.50%,,3/22/2016 0:08,other
2666,self employed,,NL,52.5,5.75,programmer,Other,,8.0,3.0,60000.0,0.0,0.0,0,,3/22/2016 0:08,other
2669,rando consulting,,,,,front-end engineer,Web,,3.0,1.0,75000.0,0.0,0.0,0,,3/22/2016 0:10,other
2671,workday,CA,US,37.65,-121.85,associate application developer,Software,,0.0,0.0,90000.0,10000.0,,,,3/22/2016 0:12,other
2672,private bank,,CH,47.0,8.0,it auditor,Other,,9.0,8.0,130000.0,0.0,10000.0,0,,3/22/2016 0:12,other
2673,small b2b,,DE,51.0,9.0,software developer,Software,,4.0,,73000.0,11000.0,,10000,,3/22/2016 0:13,other
2675,autodesk,,,,,devops engineer,Engineering,,4.0,2.0,125000.0,0.0,12000.0,10000,,3/22/2016 0:14,other
2676,series a funded startup,CA,US,37.77,-122.41,vp of product,Management,,10.0,1.0,145000.0,,,10000,"Startup, granted 0.5% stock options",3/22/2016 0:16,other
2678,sas,,,,,software developer,Software,,3.0,0.0,51192.0,0.0,6399.0,å£0,,3/22/2016 0:19,other
2679,a mbanking company,,BD,24.0,90.0,sr. software engineer,Software,Senior,5.0,0.3,24000.0,,2000.0,,,3/22/2016 0:20,other
2686,capgemini,,ES,40.0,-4.0,senior consultant,Other,Senior,8.0,2.0,24000.0,0.0,0.0,0,,3/22/2016 0:39,other
2687,thoughtworks,,,,,senior consultant,Other,Senior,5.0,1.0,65000.0,,,,,3/22/2016 0:40,other
2689,stinkdigital,,,,,web developer,Web,,1.0,1.0,25000.0,0.0,0.0,0,,3/22/2016 0:41,other
2691,stinkdigital,,,,,web developer,Web,,1.0,1.0,25000.0,0.0,0.0,0,,3/22/2016 0:42,other
2692,99designs,,AU,-27.0,133.0,developer,Software,,5.0,3.0,75000.0,1000.0,500.0,,,3/22/2016 0:43,other
2694,zenefits,,,,,software engineer,Software,,4.0,1.0,146000.0,0.0,0.0,,,3/22/2016 0:45,other
2697,large tech coy,,SG,1.37,103.8,senior software engineer,Software,Senior,6.0,1.0,103000.0,0.0,0.0,38000 SGD / year,,3/22/2016 0:51,other
2701,small b2b software consultancy,,MD,47.0,29.0,senior software engineer,Software,Senior,8.0,5.0,25000.0,0.0,0.0,0,US-based company. Salary in USD (net),3/22/2016 0:56,other
2703,ddime,,,,,developer,Software,,6.0,3.0,100000.0,3000.0,900.0,1000,,3/22/2016 0:56,other
2708,:),,HK,22.27,114.19,junior software engineer,Software,Junior,1.0,1.0,0.0,0.0,0.0,0,,3/22/2016 1:02,other
2712,brd,,,,,lead developer,Software,,2.5,0.0,55000.0,,,,Just started,3/22/2016 1:04,other
2713,small company,,,,,software developer,Software,,1.0,1.0,70000.0,0.0,0.0,0,,3/22/2016 1:07,other
2716,fast fashion retailer,,SE,62.0,15.0,application expert,Other,,1.5,1.5,46500.0,0.0,0.0,0,Converted SEK to USD,3/22/2016 1:11,other
2717,ml,,VN,16.17,107.83,software developer,Software,,4.0,4.0,20000.0,0.0,0.0,0,,3/22/2016 1:13,other
2720,intuit,CA,US,37.41,-122.05,software engineer i,Software,1,1.0,1.0,100000.0,5000.0,10000.0,"20,000",,3/22/2016 1:16,other
2722,fyber,,,,,senior engineer,Engineering,Senior,10.0,2.0,65000.0,,,,,3/22/2016 1:20,other
2724,small tech company,MI,US,38.0,-97.0,devops,Operations,,1.0,1.0,55000.0,0.0,,0,,3/22/2016 1:22,other
2725,dd,,,,,sffssf,Other,,2.0,2.0,200000.0,0.0,0.0,0,,3/22/2016 1:23,other
2728,technical  of brunswick,,DE,51.0,9.0,apprentice as software developer,Software,,6.0,1.0,10000.0,,,,,3/22/2016 1:25,other
2735,intel,OR,US,45.44,-122.52,validation engineer,Engineering,,4.0,3.0,80000.0,5000.0,7000.0,,,3/22/2016 1:32,other
2742,kt,IL,US,41.85,-87.65,software developer,Software,,5.0,2.0,80000.0,0.0,0.0,0,,3/22/2016 1:37,other
2744,optus,,,,,ios developer,Software,,1.0,1.0,60000.0,,6000.0,,,3/22/2016 1:40,other
2745,freelance,,MA,32.0,-5.0,software enginere,Software,,6.0,1.0,60000.0,0.0,0.0,0,,3/22/2016 1:41,other
2747,navaru,,OM,21.0,57.0,frontend developer,Web,,8.0,5.0,2400.0,,,,,3/22/2016 1:42,other
2751,non-start-up (~100 employees),,NL,52.5,5.75,r&d sw engineer,Engineering,,18.0,,60000.0,,4500.0,,,3/22/2016 1:45,overDecade
2758,mintlab,,,,,senior developer,Software,Senior,7.0,3.5,58240.0,,,,,3/22/2016 1:51,other
2762,education it,,,,,junior software developer,Software,Junior,2.0,2.0,45000.0,0.0,0.0,1500,,3/22/2016 1:59,other
2764,cluster reply srl,,IT,42.83,12.83,senior consultant,Other,Senior,5.0,4.0,34000.0,0.0,4000.0,0,,3/22/2016 1:59,other
2766,small italian consultancy firm (50+),,IT,42.83,12.83,senior software developer,Software,Senior,8.0,2.0,26000.0,,2000.0,None,,3/22/2016 2:02,other
2767,facebook,CA,US,37.45,-122.17,software engineering intern,Software,Intern,0.0,0.25,8400.0,0.0,0.0,0,,3/22/2016 2:05,other
2768,startup,,,,,technical lead,Software,,10.0,1.0,68000.0,0.0,0.0,0,,3/22/2016 2:06,other
2771,some call centre,,,,,junior developer,Software,Junior,3.0,1.0,28440.0,,,-,,3/22/2016 2:09,other
2772,cisco,,IL,31.47,35.13,system engineer,Engineering,,4.0,4.0,85000.0,0.0,10000.0,5000,,3/22/2016 2:12,other
2773,industrial company,,MA,32.0,-5.0,finance manager,Management,,3.0,0.0,13200.0,0.0,,0,,3/22/2016 2:17,other
2774,small company,,,,,software developer,Software,,5.0,0.5,88164.0,0.0,2844.0,0,,3/22/2016 2:19,other
2777,stock broker,,ES,40.0,-4.0,junior web developer,Web,Junior,1.5,1.5,20000.0,0.0,3000.0,0,First job. started at 16k âÂ,3/22/2016 2:21,other
2779,self-employed,,,,,senior software engineer,Software,Senior,12.0,6.0,60000.0,0.0,0.0,0,,3/22/2016 2:22,overDecade
2780,it minds,,DK,56.0,10.0,it consultent,Other,,2.0,2.0,60000.0,0.0,0.0,0,Student job,3/22/2016 2:23,other
2781,self employed,,,,,full stack web dev (consultant),Web,,19.0,8.0,58000.0,,,,Only really working part-time. About 8-10 days each month.,3/22/2016 2:24,overDecade
2784,sberbank,,RU,60.0,100.0,oracle database developer,Data,,15.0,1.0,24000.0,0.0,0.0,0,,3/22/2016 2:28,overDecade
2785,bob,,,,,director,Management,,10.0,8.0,60000.0,0.0,0.0,0,,3/22/2016 2:28,other
2786,visa,,SG,1.37,103.8,software engineer,Software,,2.0,0.0,50000.0,2500.0,10.0,Not sure,Starting work July 2016,3/22/2016 2:28,other
2789,edmond mcconnel,,,,,linux engineer,Engineering,,5.0,3.0,1520.0,,,,,3/22/2016 2:31,other
2792,health ensurance company,,DE,51.0,9.0,system engineer,Engineering,,10.0,10.0,67200.0,,,,,3/22/2016 2:36,other
2793,fortech s.r.l,,OM,21.0,57.0,senior software engineer,Software,Senior,3.0,1.0,25200.0,0.0,0.0,0,"Flexible schedule, come and go as you want. 40 hours a week. 21 paid days off. Free fruits, snacks, lots of parties. No open floor plan. ",3/22/2016 2:37,other
2794,30 person startup,,DE,51.0,9.0,software engineer,Software,,6.0,1.0,46000.0,,,,Remote,3/22/2016 2:38,other
2797,ab   dalen,,,,,production  manager,Management,,10.0,6.0,982032.0,,,,,3/22/2016 2:41,other
2798,us based company,,GR,39.0,22.0,software engineer,Software,,8.0,1.5,97000.0,,2000.0,,,3/22/2016 2:41,other
2799,transplace,SC,US,34.83,-82.37,senior software architect,Software,Senior,5.0,4.0,75000.0,,,,,3/22/2016 2:42,other
2800,funded startup,,,,,senior developer,Software,Senior,5.0,1.0,72000.0,0.0,0.0,0,,3/22/2016 2:42,other
2801,small agency,,IE,53.0,-8.0,senior developer,Software,Senior,15.0,1.0,50000.0,0.0,3000.0,0,,3/22/2016 2:44,overDecade
2803,tut,,ZA,-29.0,24.0,junior lecturer,Other,Junior,15.0,8.0,260000.0,,,,,3/22/2016 2:46,overDecade
2804,n-a,,CH,47.0,8.0,security,Other,,6.0,1.0,115000.0,0.0,0.0,,,3/22/2016 2:46,other
2805,a vfx studio,,,,,software developer,Software,,10.0,5.0,71419.95,0.0,0.0,0,,3/22/2016 2:50,other
2807,microsoft,WA,US,47.61,-122.33,software developer engineer 2,Software,2,7.0,7.0,130000.0,30000.0,12000.0,"7,000",,3/22/2016 2:52,other
2811,nda,,,,,software developer,Software,,2.5,0.5,23000.0,0.0,0.0,0,,3/22/2016 2:58,other
2812,pbs,,,,,tech lead,Software,,9.0,1.0,125000.0,3000.0,,na,,3/22/2016 3:01,other
2813,dimension data,,,,,s/w engineer,Engineering,,,,65000.0,0.0,0.0,0,,3/22/2016 3:02,other
2814,hpe,,,,,software engineer,Software,,0.5,0.5,70200.0,,,,,3/22/2016 3:03,other
2815,livelo,,,,,software engineer,Software,,15.0,1.0,52000.0,,12000.0,,,3/22/2016 3:03,overDecade
2818,reply spa,,IT,42.83,12.83,consultant,Other,,4.0,1.0,31000.0,0.0,2000.0,0,,3/22/2016 3:05,other
2821,general electric,,,,,software engineer,Software,,8.0,1.0,51192.0,0.0,0.0,0,,3/22/2016 3:07,other
2822,tt-netvÌ_rket,,DK,56.0,10.0,student worker,Other,,3.0,3.0,13500.0,,,,Recieving student support from Government,3/22/2016 3:08,other
2823,nokia networks,,,,,working student,Other,,2.0,2.0,12618.0,0.0,0.0,0,,3/22/2016 3:09,other
2824,the univerisity of sheffield (top 5 nationally),,,,,systems developer,Software,,3.0,3.0,35550.0,,,,,3/22/2016 3:09,other
2827,beelert,,,,,chief technology officer,Other,,15.0,1.0,36000.0,0.0,0.0,0,,3/22/2016 3:10,overDecade
2829,mccann,,,,,digital creative,Other,,10.0,1.0,840000.0,0.0,0.0,0,,3/22/2016 3:13,other
2830,cloudreach,,,,,devops engineer,Engineering,,2.0,3.0,20000.0,0.0,0.0,0,,3/22/2016 3:13,other
2831,sully-group,,,,,it engineer,Engineering,,5.0,2.0,25000.0,0.0,300.0,0,,3/22/2016 3:16,other
2832,freelance,,OM,21.0,57.0,software developer,Software,,8.0,1.0,42000.0,,,,,3/22/2016 3:18,other
2833,ghgh,,,,,ghghgh,Other,,56.0,,565656.0,5656.0,566.0,6,,3/22/2016 3:18,overDecade
2834,s,,,,,asdf,Other,,,,,,,asdf,asdf,3/22/2016 3:18,other
2835,ali,,,,,pagla dancer,Other,,9.0,5.0,550000.0,20000.0,200000.0,1555555,,3/22/2016 3:20,other
2836,avast,,,,,security engineer,Engineering,,7.0,3.0,40000.0,0.0,0.0,0,,3/22/2016 3:20,other
2837,china***,,,,,java server,Other,,3.0,2.0,140000.0,,,,i want to say.everyone here present is laji,3/22/2016 3:23,other
2839,early stage startup,,SE,62.0,15.0,head of tech (first engineer),Engineering,,10.0,0.5,73000.0,0.0,0.0,,,3/22/2016 3:25,other
2840,less than 20 employees,,,,,full-stack developer,Web,,1.0,1.0,27600.0,0.0,0.0,0,Mainly self-taught,3/22/2016 3:27,other
2841,goldman sachs,,,,,analyst,Data,,1.0,1.0,39000.0,6000.0,,,,3/22/2016 3:28,other
2844,cisco,,,,,software engineer,Software,,5.0,3.5,68256.0,0.0,17064.0,5000GBP,,3/22/2016 3:33,other
2845,axis communications,,SE,62.0,15.0,experienced software engineer,Software,,9.0,6.0,510000.0,,,,,3/22/2016 3:35,other
2847,oracle,,ZA,-29.0,24.0,software developer,Software,,0.0,1.0,32000.0,,,,,3/22/2016 3:36,other
2848,in the attic ltd,,,,,full stack engineer,Web,,14.0,10.0,149310.0,,,,,3/22/2016 3:37,overDecade
2849,criteo,,,,,senior software engineer,Software,Senior,6.0,1.0,70000.0,,20000.0,5000,,3/22/2016 3:38,other
2851,30 person startup,CT,US,41.31,-72.92,mobile engineer,Engineering,,10.0,3.0,90000.0,0.0,0.0,,Job title does not match actual job description. Company hasnÛªt updated it since hire. I conciser myself a Software Developer,3/22/2016 3:40,other
2852,yelp,,,,,software engineer,Software,,5.0,2.0,125000.0,0.0,0.0,450000,,3/22/2016 3:40,other
2853,tag,,,,,software developer,Software,,4.0,2.0,36000.0,,,,,3/22/2016 3:44,other
2856,to small to say,,,,,interaction designer,Other,,2.0,2.0,43680.0,,3584.0,na,,3/22/2016 3:47,other
2857,fintech startup,,,,,product manager,Management,,16.0,2.0,120000.0,0.0,8.0,0,,3/22/2016 3:47,overDecade
2859,adobe,,,,,s.s.e.,Other,,3.0,3.0,2000000.0,,,,,3/22/2016 3:47,other
2862,northwestern mutual,WI,US,43.06,-87.96,lead project manager,Management,,13.0,11.0,102000.0,,21000.0,,,3/22/2016 3:50,overDecade
2863,badoo,,,,,mobile web developer,Web,,8.0,3.0,75000.0,,,,,3/22/2016 3:50,other
2866,teradata,,,,,professional services consultant,Other,,2.0,1.0,67750.0,0.0,7500.0,0,,3/22/2016 3:53,other
2868,inria,,FR,46.0,2.0,research engineer,Engineering,,10.0,1.0,32000.0,0.0,0.0,0,,3/22/2016 3:53,other
2872,bbc,,,,,senior software engineer,Software,Senior,6.0,3.0,56880.0,0.0,0.0,0,,3/22/2016 4:04,other
2876,school,,BM,32.33,-64.75,physics teacher,Applied Science,,8.0,0.5,98000.0,0.0,0.0,0,,3/22/2016 4:07,other
2878,supplyhog,TN,US,35.06,-85.25,sr. developer,Software,Senior,6.0,4.0,82000.0,,,,"Only 50% health insurance, so same as ~76k with full health insurance.",3/22/2016 4:09,other
2879,unfccc,,,,,associate information systems officer,Other,,7.0,2.0,90000.0,0.0,0.0,0,Money is in Euro,3/22/2016 4:10,other
2880,nwas,,,,,para,Other,,7.0,5.0,28000.0,0.0,100.0,0,,3/22/2016 4:10,other
2881,spam spa,,IT,42.83,12.83,software developer,Software,,10.0,5.0,35000.0,0.0,0.0,0,,3/22/2016 4:13,other
2885,station ag,,CH,47.0,8.0,web developer,Web,,1.0,1.0,60000.0,,5000.0,,,3/22/2016 4:18,other
2886,technicolor,,FR,46.0,2.0,technical advisor,Other,,8.0,1.0,90000.0,0.0,10.0,0,,3/22/2016 4:20,other
2890,office depot,FL,US,26.37,-80.1,lead systems engineer,Engineering,,25.0,9.0,100000.0,0.0,15000.0,0,,3/22/2016 4:24,overDecade
2893,curtiss-wright,PA,US,40.27,-75.29,lead software development engineer,Software,,2.0,3.0,73000.0,0.0,1000.0,1000,,3/22/2016 4:27,other
2900,bestbuy,MN,US,38.0,-97.0,senior web engineer,Web,Senior,3.0,1.0,110000.0,,27000.0,,,3/22/2016 4:36,other
2901,abc,,IN,20.0,77.0,software developer,Software,,10.0,4.0,400000.0,,,,NIL,3/22/2016 4:36,other
2902,startup,,,,,android developer,Software,,6.0,2.0,110000.0,0.0,0.0,0,,3/22/2016 4:36,other
2903,stripe,,,,,marketing lead,Other,,12.0,2.0,170000.0,30000.0,120000.0,,,3/22/2016 4:36,overDecade
2905,mit loln lab,,,,,associate staff,Other,,5.0,5.0,98000.0,0.0,0.0,0,,3/22/2016 4:39,other
2906,parisian startup,,FR,46.0,2.0,lead developer,Software,,4.0,2.0,51000.0,2500.0,,1000,,3/22/2016 4:40,other
2907,amazon,,,,,sde1,Software,1,1.0,1.0,80000.0,10000.0,,20000,,3/22/2016 4:40,other
2908,western union,NJ,US,38.0,-97.0,senior application architect,Other,Senior,18.0,2.0,130000.0,,20000.0,,,3/22/2016 4:40,overDecade
2909,interactive intelligence,,IN,20.0,77.0,development manager,Management,,8.0,4.0,83500.0,0.0,15000.0,2000,,3/22/2016 4:40,other
2910,aon,,,,,senior team lead,Management,Senior,12.0,3.0,110000.0,,20000.0,,,3/22/2016 4:44,overDecade
2912,multinational mobile sector,,ES,40.0,-4.0,software engineer,Software,,7.0,5.0,30000.0,,1500.0,,EUROS,3/22/2016 4:46,other
2913,local webdev company,,DE,51.0,9.0,fullstack webdeveloper,Web,,20.0,2.0,37600.0,,500.0,,AXAX123,3/22/2016 4:46,overDecade
2914,datastampa,,,,,junior software developer,Software,Junior,1.0,1.0,20000.0,0.0,5.0,0,,3/22/2016 4:47,other
2921,150 person it consulting company,,DE,51.0,9.0,senior consultant,Other,Senior,9.0,5.0,70000.0,0.0,3000.0,0,,3/22/2016 4:56,other
2923,mirantis,,RU,60.0,100.0,"openstack software engineer, t2",Software,2,6.0,1.0,34800.0,0.0,0.0,0,,3/22/2016 4:57,other
2924,healthcare system,MI,US,42.96,-85.65,application development analyst,Data,,5.0,1.0,77000.0,0.0,500.0,0,,3/22/2016 4:58,other
2926,software house,,,,,ios developer,Software,,5.0,0.0,30000.0,0.0,0.0,0,,3/22/2016 4:59,other
2930,goodgame studios,,,,,backend developer,Software,,7.0,3.0,43800.0,0.0,0.0,0,,3/22/2016 5:08,other
2932,amazon,,,,,software development engineer,Software,,2.5,1.0,98000.0,22000.0,,,,3/22/2016 5:10,other
2933,a media company,NY,US,38.0,-97.0,runs numerous departments,Other,,,,210000.0,,50.0,,"Even at these numbers, it isn't worth it.",3/22/2016 5:10,other
2934,independent school system,KY,US,38.0,-97.0,it technician,Other,,5.0,2.0,22000.0,0.0,0.0,0,"Pay is not very sustaining especially in a poverty stricken area, however, it is made up for by the fact that I am also OFF work (with pay) 145 days out of 365. Using that time, I can pursue personal interests, secondary income, and quality family time. I highly recommend school system jobs for young fathers and mothers as they are usually lenient, understanding, and solid places to work.",3/22/2016 5:11,other
2935,of grenoble,,FR,46.0,2.0,postdoc,Other,,4.0,1.0,33700.0,,,,,3/22/2016 5:15,other
2936,celtra,,SI,46.12,14.82,developer,Software,,9.0,1.0,32000.0,0.0,9600.0,/,,3/22/2016 5:13,other
2941,startup,,,,,founder,Management,,11.0,4.0,142200.0,,,,,3/22/2016 5:18,overDecade
2948,globe electric,,,,,"vp, digital",Management,,8.0,5.0,130000.0,,50000.0,,,3/22/2016 5:22,other
2952,hvfcu,,,,,programmer analyst,Data,,5.0,2.0,65000.0,0.0,3.0,0,,3/22/2016 5:24,other
2954,highmark,PA,US,40.35,-79.9,information security,Other,,8.0,2.0,90000.0,5000.0,0.0,0,,3/22/2016 5:24,other
2957,attain,WA,US,47.05,-122.55,consultant,Other,,6.0,3.0,65000.0,3000.0,0.0,0,,3/22/2016 5:26,other
2958,silicus,,,,,tech architect,Other,,14.0,4.0,20000.0,,,,,3/22/2016 5:28,overDecade
2962,grab,,SG,1.37,103.8,sde 1,Software,1,1.0,1.0,70000.0,0.0,10000.0,,Go shop. Negligible annual increment.,3/22/2016 5:32,other
2965,beintoo,,,,,technical account manager,Management,,10.0,1.0,43000.0,,,,,3/22/2016 5:34,other
2967,google,,,,,sr staff program mgr,Other,Senior,15.0,0.0,195500.0,0.0,25.0,100k target,600 GSUs at signing,3/22/2016 5:35,overDecade
2969,salsify,MA,US,42.35,-71.06,senior software engineer,Software,Senior,5.0,1.0,130000.0,0.0,0.0,10000,,3/22/2016 5:36,other
2972,london startup,,,,,lead web developer,Web,,8.0,2.0,58302.0,,0.0,,,3/22/2016 5:42,other
2973,cirrus logic,TX,US,30.26,-97.74,senior verification engineer,Engineering,Senior,15.0,1.0,140000.0,10000.0,15000.0,15000,,3/22/2016 5:42,overDecade
2974,amazon,MA,US,42.35,-71.06,sde ii,Software,2,3.5,3.5,119000.0,,,70000,,3/22/2016 5:43,other
2976,of bristol,,,,,research associate,Other,,6.0,2.0,34500.0,0.0,0.0,0,,3/22/2016 5:44,other
2979,cybercom group,,SE,62.0,15.0,software developer,Software,,5.0,1.0,48000.0,0.0,0.0,0,,3/22/2016 5:44,other
2980,software factory,,AR,-34.0,-64.0,ios software developer,Software,,,3.0,23200.0,0.0,0.0,0,,3/22/2016 5:44,other
2982,google,,,,,staff software engineer,Software,,6.0,4.0,195000.0,25000.0,42000.0,140000,,3/22/2016 5:45,other
2985,bullhorn,,,,,software engineer,Software,,2.0,1.5,55000.0,0.0,8.0,0,,3/22/2016 5:46,other
2986,cisco systems,,,,,systems engineer,Engineering,,26.0,16.0,135000.0,,,,,3/22/2016 5:48,overDecade
2988,here gmbh,,,,,senior ios developer,Software,Senior,9.0,1.0,70560.0,,6000.0,None,,3/22/2016 5:48,other
2992,ullink,,OM,21.0,57.0,software developer,Software,,5.0,0.5,27000.0,3000.0,,0,,3/22/2016 5:54,other
2993,clickbus,,,,,front end,Web,,10.0,1.0,117.0,0.0,0.0,,none,3/22/2016 5:55,other
2995,startup (20 people),TX,US,30.26,-97.74,developer,Software,,5.0,3.0,92000.0,2000.0,0.0,1000,,3/22/2016 6:00,other
2996,manitoba public insurance,,CA,60.0,-95.0,analyst,Data,,6.0,6.0,71174.93,0.0,0.0,0,,3/22/2016 6:02,other
2999,google,,,,,software engineer 4,Software,4,6.0,0.0,150000.0,40000.0,22500.0,60000,,3/22/2016 6:12,other
3001,ibm,NC,US,35.98,-78.91,software engineer,Software,,2.0,2.0,75000.0,3000.0,,,,3/22/2016 6:16,other
3002,altran,,,,,software consultant,Software,,4.0,1.0,25000.0,0.0,300.0,0,,3/22/2016 6:17,other
3003,booking,,,,,ux designer,Other,,7.0,2.0,58000.0,,,,,3/22/2016 6:18,other
3006,startup,NY,US,38.0,-97.0,software engineer,Software,,4.0,1.0,145000.0,0.0,0.0,105000,,3/22/2016 6:22,other
3007,jobteaser,,,,,senior developer,Software,Senior,8.0,3.0,55.0,,,,,3/22/2016 6:23,other
3009,hughes,,,,,software engineer 1,Software,1,2.5,1.0,72000.0,10000.0,3000.0,1500,,3/22/2016 6:24,other
3010,ernst & young,TX,US,32.79,-96.76,senior - risk assurance,Other,Senior,2.5,2.5,75000.0,3000.0,,,,3/22/2016 6:26,other
3011,mid size company,,,,,software developer,Software,,5.0,0.5,130000.0,0.0,0.0,unknown,,3/22/2016 6:28,other
3015,self-employed,,,,,software engineer,Software,,2.0,1.0,150000.0,0.0,0.0,0,,3/22/2016 6:31,other
3016,startup,AZ,US,33.45,-112.06,developer,Software,,1.0,1.0,62000.0,0.0,5000.0,0,,3/22/2016 6:31,other
3017,shutterstock,NY,US,38.0,-97.0,principal software engineer,Software,,10.0,2.0,160000.0,5000.0,10.0,2000 shares,,3/22/2016 6:33,other
3021,definiens ag,,,,,quality assurance engineer,Engineering,,11.0,1.0,55000.0,2000.0,3.0,,Tax is of 42%,3/22/2016 6:36,overDecade
3023,ibm,NC,US,35.98,-78.91,network specialist,Other,,25.0,1.0,117000.0,10000.0,0.0,0,it's not that bad here,3/22/2016 6:44,overDecade
3024,legalwebb uk ltd,,,,,software engineer,Software,,8.0,4.0,18000.0,0.0,0.0,0,I'm a mug.,3/22/2016 6:45,other
3025,mount anthony union hs,VT,US,38.0,-97.0,technology teacher,Other,,20.0,7.0,65000.0,0.0,0.0,0,,3/22/2016 6:47,overDecade
3028,arago,,,,,software engineer,Software,,6.0,2.0,52500.0,,500.0,,,3/22/2016 6:51,other
3029,medium financial firm,OH,US,39.98,-82.98,systems administrator,Management,,5.0,3.0,61000.0,,2000.0,,,3/22/2016 6:53,other
3032,oklahoma,OK,US,38.0,-97.0,programmer analyst,Data,,10.0,4.0,60000.0,0.0,0.0,0,,3/22/2016 6:56,other
3034,facebook,,,,,uie,Other,,7.0,1.5,140000.0,,,,,3/22/2016 6:58,other
3035,big cloud company,,,,,security,Other,,8.0,0.0,262000.0,120000.0,92000.0,0,,3/22/2016 6:59,other
3036,cerner,KS,US,39.1,-94.62,software architect,Software,,8.0,8.0,99000.0,0.0,0.0,0,,3/22/2016 7:02,other
3037,large digital media publisher,,,,,systems administrator,Management,,25.0,10.0,100000.0,0.0,2000.0,0,Health insurance package sub-par for company size. 401K match 3%. 2wks paid vacation. Limited promotion path.,3/22/2016 7:02,overDecade
3039,concepta,,,,,mobile app developer,Software,,7.0,3.0,65000.0,0.0,0.0,0,,3/22/2016 7:05,other
3040,allflex usa,TX,US,32.85,-96.96,sr. net developer,Software,Senior,8.0,0.0,90000.0,10000.0,0.0,0,,3/22/2016 7:08,other
3042,target,,,,,senior software engineer,Software,Senior,5.0,1.5,124000.0,0.0,0.0,"10,000",,3/22/2016 7:13,other
3044,startup,,,,,software engineer,Software,,5.0,0.0,55000.0,0.0,0.0,0,,3/22/2016 7:14,other
3046,20-person startup,,,,,software engineer,Software,,3.0,2.0,105000.0,0.0,0.0,5000,,3/22/2016 7:21,other
3051,mirantis,,,,,software engineer,Software,,10.0,1.0,33600.0,,,,,3/22/2016 7:29,other
3055,american express,FL,US,27.75,-82.64,developer,Software,,0.0,0.5,78500.0,5000.0,,,,3/22/2016 7:37,other
3056,freelance,,,,,freelance ios engineer,Engineering,,6.0,0.5,188000.0,0.0,0.0,0,Some work is remote,3/22/2016 7:44,other
3058,private insurance company,,,,,network engineer,Engineering,,5.0,2.0,120000.0,0.0,2000.0,0,,3/22/2016 7:46,other
3059,code 42,MN,US,44.96,-93.26,associate software engineer,Software,,4.5,2.5,75600.0,,4000.0,,,3/22/2016 7:50,other
3060,orbital atk,VA,US,37.84,-75.47,associate electrical engineer,Engineering,,2.0,1.0,65850.0,0.0,0.0,0,,3/22/2016 7:51,other
3061,deloitte advisory,,,,,consultant,Other,,1.0,1.0,63000.0,10000.0,,,,3/22/2016 7:56,other
3064,code 42,MN,US,44.96,-93.26,senior software engineer,Software,Senior,9.0,4.0,96000.0,0.0,5000.0,0,,3/22/2016 8:01,other
3067,blue trail software,,,,,ios lead developer,Software,,7.0,2.0,43200.0,0.0,3600.0,0,,3/22/2016 8:03,other
3069,motortrak,,,,,php developer,Software,,10.0,3.0,54036.0,0.0,0.0,0,,3/22/2016 8:03,other
3070,cantonal administration,,,,,senior software engineer,Software,Senior,6.0,4.0,117000.0,0.0,0.0,0,,3/22/2016 8:05,other
3071,amazon,WA,US,47.61,-122.33,sysde,Software,,10.0,1.5,120000.0,50000.0,0.0,0,In AWS,3/22/2016 8:05,other
3073,radialpoint,,CA,60.0,-95.0,senior software developer,Software,Senior,,6.0,86400.0,,7000.0,,,3/22/2016 8:10,other
3075,linkedin,,,,,senior software engineer,Software,Senior,3.0,1.0,159000.0,40000.0,15900.0,70000,,3/22/2016 8:13,other
3076,central  of las villas,,CU,21.5,-80.0,senior fullstack developer,Web,Senior,18.0,15.0,240.0,0.0,0.0,0,Annual Base Pay  in USD,3/22/2016 8:15,overDecade
3078,local college,PA,US,39.95,-75.16,web developer,Web,,7.0,0.0,62000.0,0.0,0.0,0,sigh,3/22/2016 8:17,other
3081,docnetwork,MI,US,42.27,-83.73,developer,Software,,5.0,0.0,42000.0,0.0,0.0,0,Horrible Owner,3/22/2016 8:30,other
3082,simplify digital,,PT,39.5,-8.0,software developer,Software,,4.0,2.0,25000.0,0.0,0.0,0,,3/22/2016 8:31,other
3083,yc startup,,,,,software engineer,Software,,10.0,1.0,104000.0,,15600.0,,,3/22/2016 8:34,other
3084,hewlett packard enterprise,,,,,software engineer vii,Software,,36.0,6.0,206000.0,0.0,15000.0,8000,,3/22/2016 8:37,overDecade
3086,hewlett packard enterprise,,RS,44.0,21.0,it engineer,Engineering,,17.0,3.0,31200.0,,,,,3/22/2016 8:40,overDecade
3087,mid-size startup (series b),NY,US,40.71,-73.99,tech lead,Software,,6.0,2.0,170000.0,0.0,0.0,60000 - 170000,"Stock value is between (409A, value of preferred shares)",3/22/2016 8:40,other
3088,lockheed martin,,,,,technologist,Other,,10.0,1.0,65198.7,0.0,0.0,0,,3/22/2016 8:49,other
3089,the boss,,NL,52.5,5.75,developer,Software,,10.0,2.0,36000.0,0.0,,,,3/22/2016 8:50,other
3093,fintech,,,,,head of it,Other,,12.0,1.0,130000.0,0.0,0.0,0.02%,,3/22/2016 9:04,overDecade
3094,laika,OR,US,45.44,-122.52,systems administrator,Management,,,0.0,77000.0,0.0,2000.0,,,3/22/2016 9:04,other
3095,anonymous startup,MA,US,42.35,-71.06,software architect,Software,,20.0,3.0,128000.0,0.0,0.0,0,,3/22/2016 9:04,overDecade
3096,missouri s&t,MO,US,37.94,-91.76,systems administrator,Management,,15.0,10.0,56000.0,0.0,0.0,0,,3/22/2016 9:06,overDecade
3097,customers bank,PA,US,38.0,-97.0,software admin,Management,,9.0,0.25,76000.0,0.0,1000.0,0,,3/22/2016 9:11,other
3098,freelance,BC,CA,60.0,-95.0,contractor,Other,,10.0,2.0,160000.0,,,,,3/22/2016 9:20,other
3099,facebook,,,,,strategic value executive,Management,,10.0,5.0,350000.0,100000.0,750000.0,150000,,3/22/2016 9:21,other
3100,epic,WI,US,43.1,-89.5,integration engineer,Engineering,,7.0,5.0,73000.0,0.0,5000.0,"$3,000 ",,3/22/2016 9:21,other
3101,china airlines,,TW,23.5,121.0,assistant programmer,Other,,1.0,1.0,13000.0,0.0,1500.0,0,,3/22/2016 9:23,other
3102,maine oit,ME,US,44.33,-69.72,computer programmer,Other,,9.0,1.0,40000.0,0.0,2000.0,,,3/22/2016 9:27,other
3104,twilio,CA,US,37.77,-122.41,senior software engineer,Software,Senior,10.0,3.0,135000.0,5000.0,,~80k in Stock Options,"Unlimited PTO, $30 Kindle Stipend, $50.00 cell phone stipend, $30.00 gym stipend, catered lunches/dinners every Mon, Wed, Thu, and every other Fri.",3/22/2016 9:30,other
3105,fds,,,,,team lead,Management,,12.0,3.0,126000.0,0.0,0.0,0,,3/22/2016 9:33,overDecade
3108,us army,VA,US,37.12,-80.55,it specialist,Other,,6.0,6.0,72000.0,0.0,2000.0,,,3/22/2016 9:35,other
3111,microsoft,,,,,user researcher,Other,,5.0,1.0,112000.0,10000.0,,,,3/22/2016 9:41,other
3112,startup,,,,,data scientist,Data,,3.0,1.0,140000.0,0.0,0.0,150000,,3/22/2016 9:43,other
3113,google,,,,,software engineer,Software,,7.0,6.0,141000.0,0.0,21000.0,70000,"Great co-workers, good work life balance, if you want it, in exchange for slower career growth.",3/22/2016 9:46,other
3118,a solar company,,,,,lead embedded controls engineer,Engineering,,5.0,1.0,125000.0,0.0,0.0,?,,3/22/2016 10:03,other
3120,zillow,WA,US,47.61,-122.33,senior software development engineer,Software,Senior,4.0,1.0,140000.0,30000.0,0.0,"50,000",,3/22/2016 10:04,other
3123,altice labs,,PT,39.5,-8.0,software engineer,Software,,5.0,,23000.0,0.0,0.0,0,,3/22/2016 10:15,other
3126,coupang,CA,US,37.44,-122.15,software engineer,Software,,,,125000.0,,,,Other,3/22/2016 10:20,other
3128,scopely,CA,US,33.99,-118.39,people business partner,Other,,3.0,3.0,140000.0,0.0,20000.0,,"I earned this pay/bonus structure as a Sr. Product Manager and then transitioned into a new role, keeping my previous pay/bonus structure.",3/22/2016 10:29,other
3129,google,,,,,software engineer iii,Software,3,4.0,4.0,136000.0,7500.0,20400.0,61320,"Annual stock value is averaged amount of stock per year, times current stock price.
Signing bonus is for relocation.",3/22/2016 10:29,other
3130,canonical,,,,,software engineer,Software,,16.0,5.0,150000.0,0.0,10000.0,0,,3/22/2016 10:30,overDecade
3135,facebook,CA,US,37.45,-122.17,software engineer,Software,,0.0,0.0,105000.0,85000.0,10000.0,40000,,3/22/2016 10:40,other
3137,juniper,,,,,staff engineer,Engineering,,10.0,3.0,140000.0,25000.0,20000.0,8000,,3/22/2016 10:41,other
3138,insurance company,PA,US,39.95,-75.16,senior software developer,Software,Senior,16.0,9.0,97000.0,,,,,3/22/2016 10:41,overDecade
3147,teradyne,,,,,senior software engineer,Software,Senior,30.0,5.0,190000.0,,0.0,25000,Actually I've been there longer than that but I want to be anonymous,3/22/2016 10:53,overDecade
3149,yahoo,,,,,sales implementation associate |||,Other,,10.0,3.0,145000.0,10000.0,10000.0,35000,,3/22/2016 11:00,other
3153,bmw,,,,,senior engineer,Engineering,Senior,,1.0,90000.0,,,,,3/22/2016 11:21,other
3154,bmw,,,,,senior engineer,Engineering,Senior,,1.0,90000.0,,,,,3/22/2016 11:21,other
3155,emarketer,NY,US,38.0,-97.0,vp business development,Management,,10.0,5.0,65000.0,0.0,2500.0,0,,3/22/2016 11:24,other
3158,mid level startup,,,,,member of technical staff,Other,,10.0,3.0,142000.0,10000.0,,,,3/22/2016 11:35,other
3160,trading technologies,IL,US,41.85,-87.65,principal software engineer,Software,,13.0,9.0,159000.0,0.0,0.0,,No career growth opportunities. Useless stock won't cut it.,3/22/2016 11:38,overDecade
3163,amazon,,,,,software dev. mgr.,Software,,7.0,4.0,160000.0,100000.0,0.0,280000,Stock increase is part of total comp adjust,3/22/2016 11:47,other
3164,ion trading,,IT,42.83,12.83,software developer,Software,,0.0,2.0,33600.0,,1120.0,,,3/22/2016 11:53,other
3167,big evil  you have heard of,,,,,sr. java developer,Software,Senior,15.0,5.0,115000.0,0.0,0.0,0,"""Big Evil Corporation You Have Heard Of"" is laying off all of IT as part of an outsourcing agreement with IBM. My development job has been reduced to explaining the application (knowledge transfer) to IBM employees. In India.",3/22/2016 12:03,overDecade
3168,groupon,MD,US,39.3,-76.61,senior software engineer,Software,Senior,10.0,1.0,110000.0,0.0,0.0,0,,3/22/2016 12:05,other
3170,wipro,,,,,project engineer,Engineering,,2.0,2.0,400000.0,0.0,0.0,0,,3/22/2016 12:08,other
3172,ibm,,,,,software engineer,Software,,9.0,7.0,120000.0,2000.0,,8000,,3/22/2016 12:13,other
3181,tom,,,,,tom,Other,,25.0,58.0,250000.0,250478.0,150000.0,0,,3/22/2016 13:14,overDecade
3182,hitfox group,,DE,51.0,9.0,developer,Software,,2.0,1.5,50400.0,0.0,0.0,0,,3/22/2016 13:17,other
3186,lufthansa,,DE,51.0,9.0,it security specialist,Other,,10.0,15.0,65000.0,,5000.0,,,3/22/2016 13:32,other
3189,underarmour connected fitness,TX,US,30.26,-97.74,senior software engineer,Software,Senior,15.0,2.0,130000.0,0.0,15000.0,0,,3/22/2016 13:46,overDecade
3192,deloitte,,NL,52.5,5.75,junior manager,Management,Junior,6.0,0.0,51192.0,1500.0,,,,3/22/2016 13:58,other
3194,microsoft,WA,US,47.61,-122.21,sde ii,Software,2,8.0,1.2,125000.0,15000.0,,,,3/22/2016 14:02,other
3197,intel,,IE,53.0,-8.0,software architect,Software,,10.0,3.0,80000.0,,20000.0,5000,Good work-life balance,3/22/2016 14:26,other
3198,cisco,,IE,53.0,-8.0,software engineer,Software,,4.0,1.0,50000.0,0.0,4000.0,0,,3/22/2016 14:29,other
3199,insidesales,,,,,software engineer,Software,,4.0,1.5,70000.0,0.0,0.0,0,,3/22/2016 14:35,other
3200,counsyl,CA,US,37.65,-122.42,software engineer,Software,,4.0,2.0,110000.0,10000.0,0.0,"$18,000 ",,3/22/2016 14:35,other
3201,intel,,IE,53.0,-8.0,sysadmin,Management,,20.0,4.0,80000.0,,,,,3/22/2016 14:36,overDecade
3202,ibm,NC,US,35.82,-78.65,senior engineer (band 9),Engineering,Senior,15.0,10.0,146000.0,0.0,5000.0,,,3/22/2016 14:47,overDecade
3204,unionized tech nonprofit,MA,US,42.35,-71.06,program manager,Management,,10.0,1.0,59800.0,0.0,0.0,0,,3/22/2016 15:04,other
3205,capita,,,,,technical architect,Other,,25.0,8.0,68000.0,0.0,0.0,0,,3/22/2016 15:04,overDecade
3206,the charlton group,MA,US,42.35,-71.06,sysadmin,Management,,14.0,9.0,85000.0,0.0,3.0,,,3/22/2016 15:10,overDecade
3209,fortune-500,,CA,60.0,-95.0,tech lead,Software,,25.0,5.0,126000.0,10000.0,3000.0,15000,,3/22/2016 15:51,overDecade
3212,gameloft,,,,,gameplay developer,Software,,9.0,3.0,25000.0,0.0,0.0,0,,3/22/2016 16:21,other
3216,sf,,,,,software,Software,,1.0,1.0,100000.0,,,,,3/22/2016 17:01,other
3220,cisco systems,,,,,software engineer,Software,,5.0,1.0,105000.0,10000.0,5000.0,,,3/22/2016 17:17,other
3221,cisco systems,,,,,software engineer,Software,,3.0,0.0,118000.0,5000.0,6000.0,,,3/22/2016 17:18,other
3222,microsoft,,,,,prototyper,Other,,8.0,5.0,138000.0,25000.0,8000.0,8000,,3/22/2016 17:21,other
3223,startup,,AU,-27.0,133.0,principal software engineer,Software,,8.0,2.0,130000.0,0.0,0.0,,,3/22/2016 17:23,other
3225,startup,CA,US,37.77,-122.41,software engineer,Software,,2.0,2.0,130000.0,,,,,3/22/2016 17:35,other
3226,engineering comp,,IN,20.0,77.0,development e,Software,,5.0,3.0,32000.0,0.0,0.0,0,,3/22/2016 17:58,other
3227,amazon,WA,US,47.61,-122.33,software development engineer,Software,,3.0,0.0,110000.0,22000.0,0.0,140 stocks over 4 years,,3/22/2016 18:00,other
3228,microsoft,WA,US,47.68,-122.12,intern,Other,Intern,2.0,1.0,90000.0,5000.0,0.0,0,"4000 In housing for the summer, and 1000 for transportation for the 12 weeks.",3/22/2016 18:28,other
3232,series a start up,,,,,software engineer,Software,,1.0,0.5,115000.0,3000.0,,,,3/22/2016 18:53,other
3233,east asian services firm,,,,,cto,Management,,15.0,7.0,120000.0,0.0,10.0,0,Options and stock.,3/22/2016 19:04,overDecade
3235,dtt,,,,,senior,Other,Senior,7.0,5.0,80000.0,,,,,3/22/2016 19:09,other
3236,startup,,,,,software engineer,Software,,11.0,0.0,145000.0,0.0,14500.0,85000,,3/22/2016 19:14,overDecade
3237,localedge,,,,,software developer,Software,,1.0,1.0,61500.0,0.0,0.0,200,,3/22/2016 19:20,other
3238,gusto,,,,,software engineer,Software,,2.0,1.0,104500.0,0.0,0.0,0,,3/22/2016 19:40,other
3240,autodesk,,,,,director,Management,,16.0,4.0,185000.0,30000.0,60000.0,"45,000",,3/22/2016 20:19,overDecade
3241,paypal,,,,,sde 3,Software,3,5.0,1.5,127000.0,17000.0,12000.0,10000,,3/22/2016 20:22,other
3242,d2l,ON,CA,60.0,-95.0,software developer,Software,,2.0,2.0,70000.0,0.0,3.0,0,,3/22/2016 20:33,other
3243,tendril,CO,US,40.02,-105.25,software engineer,Software,,3.0,1.5,110000.0,2500.0,11000.0,,"Stock options, unlimited PTO",3/22/2016 21:17,other
3244,usc,CA,US,38.0,-97.0,research specialist,Other,,11.0,1.0,55000.0,0.0,0.0,0,,3/22/2016 21:25,overDecade
3246,facebook,,,,,senior software engineer,Software,Senior,4.0,1.0,182000.0,0.0,30000.0,130000,,3/22/2016 21:58,other
3251,capgemini,,,,,manager,Management,,10.0,2.0,130000.0,,,,,3/22/2016 23:24,other
3252,up next,,PL,52.0,20.0,programmer,Other,,6.0,1.0,12000.0,,,,,3/22/2016 23:45,other
3254,microsoft,,,,,working student,Other,,1.0,1.0,1400.0,,,,,3/23/2016 0:37,other
3255,accenture,,IN,20.0,77.0,software engineer,Software,,3.0,1.0,575000.0,50000.0,80000.0,0,,3/23/2016 1:27,other
3265,small mobile product shop,GA,US,33.64,-84.39,senior developer,Software,Senior,12.0,5.0,132000.0,,10000.0,,,3/23/2016 5:08,overDecade
3267,name,,,,,engr,Other,,1.0,2.0,33000.0,0.0,0.0,0,comment,3/23/2016 5:12,other
3270,startup,MA,US,42.35,-71.06,front end developer,Web,,3.0,1.0,70000.0,,,3000,,3/23/2016 6:00,other
3276,homenet automotive,PA,US,40.03,-75.63,software engineer i,Software,1,2.0,1.0,60000.0,0.0,10.0,0,,3/23/2016 6:59,other
3278,comcast,PA,US,39.95,-75.16,software engineer,Software,,6.0,2.5,111000.0,5000.0,8.0,~$2000,,3/23/2016 7:05,other
3285,facebook,,,,,software engineer,Software,,4.0,1.5,130000.0,20000.0,13000.0,100000,,3/23/2016 8:02,other
3287,mainz brady group - contractor at nike,OR,US,45.49,-122.8,front-end developer,Web,,2.0,1.0,50.0,,,none,No paid sick leave or paid vacation.,3/23/2016 8:16,other
3289,sparkfun electronics,CO,US,40.02,-105.25,junior software developer,Software,Junior,1.0,0.5,60500.0,0.0,800.0,0,,3/23/2016 8:24,other
3290,intel,,,,,staff software enginer,Software,,6.0,4.0,164000.0,0.0,20000.0,30000 USD,,3/23/2016 8:27,other
3293,$2bn valuation tech company,,,,,sr. frontend eng,Web,Senior,7.0,1.0,150000.0,0.0,0.0,0,,3/23/2016 8:41,other
3294,of maryland,MD,US,38.99,-76.93,scientific programmer (faculty research assistant),Applied Science,,5.0,1.0,75000.0,,,,,3/23/2016 8:43,other
3298,linkedin,,,,,business analytics intern,Other,Intern,2.0,0.0,50.0,0.0,0.0,0,,3/23/2016 9:12,other
